Dates,variable,type,value
8/25/2020,5 Y,Price,104.03125
11/2/2020,5 Y,Price,104.0625
9/1/2020,5 Y,Price,104.125
4/23/2020,5 Y,Price,96.96875
3/9/2020,5 Y,Price,101.21875
1/24/2020,5 Y,Price,102.5
8/12/2020,5 Y,Price,102.9375
2/24/2020,5 Y,Price,103.65625
5/26/2020,5 Y,Yield,0.0686
8/10/2020,5 Y,Yield,0.0587
3/26/2020,5 Y,Yield,0.0732
4/2/2020,5 Y,Yield,0.0732
6/18/2020,5 Y,Yield,0.0671
9/15/2020,5 Y,Yield,0.0549
9/16/2020,5 Y,Yield,0.0549
10/22/2020,5 Y,Yield,0.0549
11/2/2020,5 Y,Yield,0.0549
1/21/2020,5 Y,Yield,0.061
6/30/2020,5 Y,Yield,0.0656
3/27/2020,5 Y,Yield,0.0717
12/04/20,5 Y,Price,105.7225
12/01/20,5 Y,Price,105.8475
7/29/2020,5 Y,Price,102.41
2/19/2020,5 Y,Price,103.81625
10/14/2020,5 Y,Yield,0.0572
1/24/2020,5 Y,Yield,0.0595
2/6/2020,5 Y,Yield,0.0595
11/9/2020,5 Y,Yield,0.0534
10/13/2020,5 Y,Price,103.0988
9/30/2020,5 Y,Price,103.2863
7/16/2020,5 Y,Yield,0.0626
3/24/2020,5 Y,Yield,0.0748
4/8/2020,5 Y,Yield,0.0748
5/6/2020,5 Y,Yield,0.0748
5/11/2020,5 Y,Yield,0.0748
5/12/2020,5 Y,Yield,0.0748
8/28/2020,5 Y,Yield,0.0557
9/17/2020,5 Y,Yield,0.0557
10/19/2020,5 Y,Yield,0.0557
7/7/2020,5 Y,Price,100.22625
4/1/2020,5 Y,Price,96.78875
4/24/2020,5 Y,Price,97.10125
4/21/2020,5 Y,Price,97.60125
3/10/2020,5 Y,Price,101.72625
5/28/2020,5 Y,Price,98.66375
3/17/2020,5 Y,Price,98.7575
6/2/2020,5 Y,Price,99.03875
4/9/2020,5 Y,Price,95.60125
9/3/2020,5 Y,Price,103.91375
3/20/2020,5 Y,Yield,0.0733
3/6/2020,5 Y,Yield,0.058
8/12/2020,5 Y,Yield,0.058
3/31/2020,5 Y,Yield,0.0718
11/6/2020,5 Y,Yield,0.0542
1/22/2020,5 Y,Yield,0.0603
3/11/2020,5 Y,Yield,0.0603
5/19/2020,5 Y,Yield,0.0703
9/14/2020,5 Y,Price,104.105
10/22/2020,5 Y,Price,104.105
4/15/2020,5 Y,Price,96.23
4/6/2020,5 Y,Price,96.38625
5/13/2020,5 Y,Price,96.9175
11/27/20,5 Y,Yield,0.0504
11/30/20,5 Y,Yield,0.0504
12/02/20,5 Y,Yield,0.0504
2/21/2020,5 Y,Yield,0.0565
4/13/2020,5 Y,Yield,0.0749
7/20/2020,5 Y,Yield,0.0627
11/10/2020,5 Y,Yield,0.0527
6/2/2020,5 Y,Yield,0.0673
6/17/2020,5 Y,Yield,0.0673
10/8/2020,5 Y,Price,102.9813
4/3/2020,5 Y,Yield,0.0734
4/17/2020,5 Y,Yield,0.0734
4/27/2020,5 Y,Yield,0.0734
9/21/2020,5 Y,Price,104.0775
1/8/2020,5 Y,Price,100.515
1/10/2020,5 Y,Price,100.515
9/10/2020,5 Y,Yield,0.055
10/21/2020,5 Y,Yield,0.055
11/4/2020,5 Y,Yield,0.055
7/23/2020,5 Y,Price,101.79625
2/7/2020,5 Y,Price,102.5775
6/10/2020,5 Y,Price,98.73375
10/2/2020,5 Y,Price,103.265
1/28/2020,5 Y,Yield,0.0611
3/10/2020,5 Y,Yield,0.0611
4/24/2020,5 Y,Yield,0.0719
2/18/2020,5 Y,Yield,0.0573
10/6/2020,5 Y,Yield,0.0573
10/7/2020,5 Y,Yield,0.0573
11/25/20,5 Y,Yield,0.0512
11/27/20,5 Y,Price,105.8913
11/11/2020,5 Y,Yield,0.0535
2/10/2020,5 Y,Yield,0.0596
6/4/2020,5 Y,Price,100.14375
5/8/2020,5 Y,Yield,0.075
6/16/2020,5 Y,Price,98.925
9/23/2020,5 Y,Yield,0.0558
3/23/2020,5 Y,Yield,0.0735
4/6/2020,5 Y,Yield,0.0735
11/17/20,5 Y,Yield,0.052
11/16/20,5 Y,Price,104.8013
10/7/2020,5 Y,Price,103.1138
5/14/2020,5 Y,Yield,0.072
9/4/2020,5 Y,Price,104.0225
4/3/2020,5 Y,Price,96.42875
2/12/2020,5 Y,Price,103.05375
2/13/2020,5 Y,Price,103.2725
9/23/2020,5 Y,Price,103.7725
3/24/2020,5 Y,Price,95.835
6/26/2020,5 Y,Price,99.835
6/29/2020,5 Y,Price,99.835
10/27/2020,5 Y,Price,104.1331
7/8/2020,5 Y,Yield,0.0644
2/19/2020,5 Y,Yield,0.0566
2/25/2020,5 Y,Yield,0.0566
12/01/20,5 Y,Yield,0.0505
12/03/20,5 Y,Yield,0.0505
7/21/2020,5 Y,Yield,0.0629
7/16/2020,5 Y,Price,100.995
5/14/2020,5 Y,Price,97.0575
3/31/2020,5 Y,Price,97.08875
7/17/2020,5 Y,Price,101.08875
2/14/2020,5 Y,Price,103.21375
4/28/2020,5 Y,Price,95.58875
9/11/2020,5 Y,Price,103.58875
7/1/2020,5 Y,Price,99.96375
7/6/2020,5 Y,Price,99.96375
9/1/2020,5 Y,Yield,0.0551
9/9/2020,5 Y,Yield,0.0551
9/14/2020,5 Y,Yield,0.0551
9/21/2020,5 Y,Yield,0.0551
11/23/20,5 Y,Price,105.3713
10/20/2020,5 Y,Price,103.9963
10/12/2020,5 Y,Yield,0.0574
10/13/2020,5 Y,Yield,0.0574
1/6/2020,5 Y,Yield,0.0645
7/7/2020,5 Y,Yield,0.0645
9/16/2020,5 Y,Price,104.155
3/27/2020,5 Y,Price,97.155
2/4/2020,5 Y,Price,102.2175
1/30/2020,5 Y,Price,102.3425
6/30/2020,5 Y,Price,99.78
4/8/2020,5 Y,Price,95.87375
11/13/20,5 Y,Yield,0.0536
2/5/2020,5 Y,Yield,0.0597
2/28/2020,5 Y,Yield,0.0597
8/4/2020,5 Y,Yield,0.0597
1/9/2020,5 Y,Yield,0.063
7/15/2020,5 Y,Yield,0.063
1/14/2020,5 Y,Yield,0.062
1/15/2020,5 Y,Yield,0.062
6/9/2020,5 Y,Yield,0.0676
6/16/2020,5 Y,Yield,0.0676
8/13/2020,5 Y,Yield,0.0582
8/14/2020,5 Y,Yield,0.0582
9/8/2020,5 Y,Price,104.28375
7/21/2020,5 Y,Price,100.8775
5/20/2020,5 Y,Price,98.0025
3/6/2020,5 Y,Price,103.15875
10/1/2020,5 Y,Price,103.2525
2/18/2020,5 Y,Price,103.5025
2/25/2020,5 Y,Price,103.815
4/23/2020,5 Y,Yield,0.0722
6/5/2020,5 Y,Yield,0.0661
3/30/2020,5 Y,Yield,0.0707
4/21/2020,5 Y,Yield,0.0707
11/3/2020,5 Y,Price,104.1288
11/26/20,5 Y,Yield,0.0506
2/20/2020,5 Y,Yield,0.0567
2/26/2020,5 Y,Yield,0.0567
3/5/2020,5 Y,Yield,0.0567
10/15/2020,5 Y,Yield,0.0567
3/2/2020,5 Y,Yield,0.0631
8/31/2020,5 Y,Price,104.1
9/15/2020,5 Y,Price,104.1625
1/14/2020,5 Y,Price,101.38125
1/15/2020,5 Y,Price,101.38125
1/28/2020,5 Y,Price,101.75625
8/4/2020,5 Y,Price,102.225
2/10/2020,5 Y,Price,102.44375
2/20/2020,5 Y,Price,103.75625
6/24/2020,5 Y,Price,99.88125
5/6/2020,5 Y,Price,95.9125
8/31/2020,5 Y,Yield,0.0552
10/20/2020,5 Y,Yield,0.0552
1/13/2020,5 Y,Yield,0.0613
11/24/20,5 Y,Price,105.4763
3/18/2020,5 Y,Yield,0.0662
5/27/2020,5 Y,Yield,0.0662
6/22/2020,5 Y,Yield,0.0662
4/20/2020,5 Y,Yield,0.0723
11/24/20,5 Y,Yield,0.0514
6/3/2020,5 Y,Yield,0.0647
6/4/2020,5 Y,Yield,0.0647
4/30/2020,5 Y,Price,96.66625
10/5/2020,5 Y,Yield,0.0575
1/22/2020,5 Y,Price,102.135
6/8/2020,5 Y,Price,99.22875
5/8/2020,5 Y,Price,95.85375
2/21/2020,5 Y,Price,103.85375
4/22/2020,5 Y,Yield,0.0708
5/18/2020,5 Y,Yield,0.0708
1/23/2020,5 Y,Yield,0.0598
4/7/2020,5 Y,Yield,0.0754
4/9/2020,5 Y,Yield,0.0754
4/14/2020,5 Y,Yield,0.0754
7/13/2020,5 Y,Yield,0.0632
7/14/2020,5 Y,Yield,0.0632
6/12/2020,5 Y,Yield,0.0678
4/15/2020,5 Y,Yield,0.0739
3/12/2020,5 Y,Yield,0.0621
11/18/20,5 Y,Price,105.42
8/10/2020,5 Y,Price,102.63875
8/13/2020,5 Y,Price,102.8575
8/18/2020,5 Y,Price,103.045
10/5/2020,5 Y,Price,103.045
2/12/2020,5 Y,Yield,0.0583
6/23/2020,5 Y,Yield,0.0663
5/13/2020,5 Y,Yield,0.0724
2/3/2020,5 Y,Yield,0.0606
10/15/2020,5 Y,Price,103.3588
12/04/20,5 Y,Yield,0.0507
1/3/2020,5 Y,Price,100.61125
3/12/2020,5 Y,Price,101.29875
1/16/2020,5 Y,Price,101.54875
2/6/2020,5 Y,Price,102.5175
8/7/2020,5 Y,Price,102.705
6/5/2020,5 Y,Price,99.54875
3/17/2020,5 Y,Yield,0.0679
8/25/2020,5 Y,Yield,0.0553
9/4/2020,5 Y,Yield,0.0553
9/7/2020,5 Y,Yield,0.0553
9/10/2020,5 Y,Price,104.14625
3/20/2020,5 Y,Price,96.45875
7/20/2020,5 Y,Price,100.95875
1/13/2020,5 Y,Price,101.70875
4/1/2020,5 Y,Yield,0.0725
2/5/2020,5 Y,Price,102.39625
1/27/2020,5 Y,Price,102.5525
6/15/2020,5 Y,Price,98.6775
10/14/2020,5 Y,Price,103.1775
8/19/2020,5 Y,Price,103.33375
8/24/2020,5 Y,Price,103.615
7/3/2020,5 Y,Price,99.89625
9/18/2020,5 Y,Price,103.95875
1/20/2020,5 Y,Yield,0.0614
11/19/20,5 Y,Yield,0.0515
1/29/2020,5 Y,Yield,0.0599
1/30/2020,5 Y,Yield,0.0599
1/31/2020,5 Y,Yield,0.0599
3/3/2020,5 Y,Yield,0.0599
7/28/2020,5 Y,Yield,0.0599
4/28/2020,5 Y,Yield,0.0756
9/24/2020,5 Y,Yield,0.0561
4/17/2020,5 Y,Price,96.4625
3/26/2020,5 Y,Price,96.49375
7/22/2020,5 Y,Price,101.4
2/28/2020,5 Y,Price,102.36875
5/29/2020,5 Y,Price,98.61875
6/12/2020,5 Y,Price,98.8375
2/17/2020,5 Y,Price,103.30625
6/23/2020,5 Y,Price,99.49375
4/16/2020,5 Y,Yield,0.0741
3/13/2020,5 Y,Yield,0.0665
10/27/2020,5 Y,Yield,0.054759
11/12/20,5 Y,Price,104.4638
10/6/2020,5 Y,Price,103.1513
9/29/2020,5 Y,Price,103.5263
10/16/2020,5 Y,Price,103.5888
7/23/2020,5 Y,Yield,0.0607
11/5/2020,5 Y,Yield,0.0546
9/7/2020,5 Y,Price,104.02875
7/15/2020,5 Y,Price,100.84125
1/9/2020,5 Y,Price,100.935
11/17/20,5 Y,Price,105.2475
1/23/2020,5 Y,Price,102.3725
7/30/2020,5 Y,Price,102.435
8/14/2020,5 Y,Price,102.84125
3/18/2020,5 Y,Price,99.4975
6/22/2020,5 Y,Price,99.4975
4/7/2020,5 Y,Price,95.6225
3/19/2020,5 Y,Yield,0.0711
2/24/2020,5 Y,Yield,0.0569
4/29/2020,5 Y,Yield,0.0757
11/5/2020,5 Y,Price,104.1863
11/6/2020,5 Y,Price,104.3738
11/11/2020,5 Y,Price,104.6238
11/16/20,5 Y,Yield,0.0531
6/10/2020,5 Y,Yield,0.0681
7/30/2020,5 Y,Yield,0.0592
8/3/2020,5 Y,Yield,0.0592
8/5/2020,5 Y,Yield,0.0592
9/9/2020,5 Y,Price,104.12625
11/10/2020,5 Y,Price,104.97
11/20/20,5 Y,Price,105.4075
1/17/2020,5 Y,Price,101.62625
2/3/2020,5 Y,Price,102.00125
3/11/2020,5 Y,Price,102.095
6/19/2020,5 Y,Price,99.22
6/25/2020,5 Y,Price,99.9075
5/12/2020,5 Y,Price,95.93875
9/2/2020,5 Y,Yield,0.0554
9/18/2020,5 Y,Yield,0.0554
9/22/2020,5 Y,Yield,0.0554
1/17/2020,5 Y,Yield,0.0615
11/18/20,5 Y,Yield,0.0516
11/20/20,5 Y,Yield,0.0516
2/17/2020,5 Y,Yield,0.0577
8/18/2020,5 Y,Yield,0.0577
10/8/2020,5 Y,Yield,0.0577
10/9/2020,5 Y,Yield,0.0577
7/1/2020,5 Y,Yield,0.0651
7/6/2020,5 Y,Yield,0.0651
8/26/2020,5 Y,Price,104.30425
11/9/2020,5 Y,Price,104.6925
1/29/2020,5 Y,Price,102.34875
6/9/2020,5 Y,Price,98.9425
2/26/2020,5 Y,Price,103.755
9/17/2020,5 Y,Price,103.8175
7/2/2020,5 Y,Price,99.88
5/11/2020,5 Y,Price,95.9425
11/12/20,5 Y,Yield,0.0539
10/16/2020,5 Y,Yield,0.0562
5/28/2020,5 Y,Yield,0.0682
6/15/2020,5 Y,Yield,0.0682
3/9/2020,5 Y,Yield,0.0623
12/02/20,5 Y,Price,105.8813
8/7/2020,5 Y,Yield,0.0585
8/11/2020,5 Y,Yield,0.0585
4/16/2020,5 Y,Price,96.165
1/6/2020,5 Y,Price,100.25875
7/9/2020,5 Y,Price,100.415
1/7/2020,5 Y,Price,100.4775
1/20/2020,5 Y,Price,101.665
1/21/2020,5 Y,Price,101.82125
3/13/2020,5 Y,Price,99.3525
9/2/2020,5 Y,Price,103.9775
8/26/2020,5 Y,Yield,0.0547
9/8/2020,5 Y,Yield,0.0547
10/23/2020,5 Y,Yield,0.0547
10/23/2020,5 Y,Price,104.1987
8/19/2020,5 Y,Yield,0.057
9/30/2020,5 Y,Yield,0.057
10/1/2020,5 Y,Yield,0.057
10/2/2020,5 Y,Yield,0.057
1/3/2020,5 Y,Yield,0.0637
7/10/2020,5 Y,Yield,0.0637
11/30/20,5 Y,Price,105.8538
5/20/2020,5 Y,Yield,0.0698
2/7/2020,5 Y,Yield,0.0593
2/11/2020,5 Y,Yield,0.0593
7/24/2020,5 Y,Yield,0.0593
7/29/2020,5 Y,Yield,0.0593
3/23/2020,5 Y,Price,96.35625
5/4/2020,5 Y,Price,96.6375
3/30/2020,5 Y,Price,97.54375
11/25/20,5 Y,Price,105.575
8/6/2020,5 Y,Price,102.66875
6/18/2020,5 Y,Price,99.1375
2/27/2020,5 Y,Price,103.2625
5/29/2020,5 Y,Yield,0.0683
8/27/2020,5 Y,Yield,0.0555
1/16/2020,5 Y,Yield,0.0616
10/19/2020,5 Y,Price,103.7818
4/30/2020,5 Y,Yield,0.0729
10/21/2020,5 Y,Price,104.0763
9/25/2020,5 Y,Price,103.5138
9/22/2020,5 Y,Price,103.9513
11/23/20,5 Y,Yield,0.0517
2/13/2020,5 Y,Yield,0.0578
2/27/2020,5 Y,Yield,0.0578
3/4/2020,5 Y,Yield,0.0578
6/24/2020,5 Y,Yield,0.0653
6/25/2020,5 Y,Yield,0.0653
7/2/2020,5 Y,Yield,0.0653
7/3/2020,5 Y,Yield,0.0653
11/4/2020,5 Y,Price,104.0475
1/2/2020,5 Y,Price,100.485
11/13/20,5 Y,Price,104.61
3/2/2020,5 Y,Price,100.86
4/22/2020,5 Y,Price,97.5475
8/3/2020,5 Y,Price,102.4225
5/26/2020,5 Y,Price,98.485
6/17/2020,5 Y,Price,99.07875
4/29/2020,5 Y,Price,95.5475
4/13/2020,5 Y,Price,95.82875
8/28/2020,5 Y,Price,103.89125
8/27/2020,5 Y,Price,103.95375
10/26/2020,5 Y,Yield,0.05461
2/4/2020,5 Y,Yield,0.0601
7/27/2020,5 Y,Yield,0.0601
11/26/20,5 Y,Price,105.7988
7/17/2020,5 Y,Yield,0.0624
8/24/2020,5 Y,Yield,0.0563
9/11/2020,5 Y,Yield,0.0563
5/5/2020,5 Y,Yield,0.0745
5/5/2020,5 Y,Price,96.05125
6/3/2020,5 Y,Price,100.145
4/2/2020,5 Y,Price,96.52
7/14/2020,5 Y,Price,100.77
3/19/2020,5 Y,Price,97.395
12/03/20,5 Y,Price,105.8325
7/27/2020,5 Y,Price,102.05125
3/4/2020,5 Y,Price,103.23875
3/5/2020,5 Y,Price,103.77
8/6/2020,5 Y,Yield,0.0586
6/8/2020,5 Y,Yield,0.0669
6/11/2020,5 Y,Yield,0.0669
6/19/2020,5 Y,Yield,0.0669
5/4/2020,5 Y,Yield,0.073
11/3/2020,5 Y,Yield,0.0548
6/26/2020,5 Y,Yield,0.0654
6/29/2020,5 Y,Yield,0.0654
10/9/2020,5 Y,Price,102.9588
9/28/2020,5 Y,Price,103.5213
1/8/2020,5 Y,Yield,0.0639
1/10/2020,5 Y,Yield,0.0639
7/8/2020,5 Y,Price,100.27375
4/27/2020,5 Y,Price,96.46125
7/10/2020,5 Y,Price,100.555
5/15/2020,5 Y,Price,97.2425
5/19/2020,5 Y,Price,97.77375
1/31/2020,5 Y,Price,102.33625
8/5/2020,5 Y,Price,102.43
2/11/2020,5 Y,Price,102.58625
6/11/2020,5 Y,Price,99.21125
4/14/2020,5 Y,Price,95.6175
1/27/2020,5 Y,Yield,0.0594
9/3/2020,5 Y,Yield,0.0556
7/22/2020,5 Y,Yield,0.0617
3/16/2020,5 Y,Yield,0.067
7/13/2020,5 Y,Price,100.74625
4/20/2020,5 Y,Price,96.9025
5/18/2020,5 Y,Price,97.59
7/28/2020,5 Y,Price,102.1525
3/3/2020,5 Y,Price,102.2775
7/24/2020,5 Y,Price,102.4025
8/11/2020,5 Y,Price,102.715
3/16/2020,5 Y,Price,99.1525
5/27/2020,5 Y,Price,99.49625
9/24/2020,5 Y,Price,103.6525
2/14/2020,5 Y,Yield,0.0579
10/26/2020,5 Y,Price,104.197
5/15/2020,5 Y,Yield,0.0716
1/2/2020,5 Y,Yield,0.064
1/7/2020,5 Y,Yield,0.064
7/9/2020,5 Y,Yield,0.064
11/19/20,5 Y,Price,105.4663
10/12/2020,5 Y,Price,103.0913
9/25/2020,5 Y,Yield,0.0564
9/28/2020,5 Y,Yield,0.0564
9/29/2020,5 Y,Yield,0.0564
7/22/2020,10 Y,Price,100.5
5/8/2020,10 Y,Price,92.75
8/4/2020,10 Y,Price,101.25
8/14/2020,10 Y,Price,101.75
12/04/20,10 Y,Price,105.75
8/18/2020,10 Y,Price,102
7/1/2020,10 Y,Price,98.75
1/29/2020,10 Y,Price,102.75
1/6/2020,10 Y,Price,99
10/26/2020,10 Y,Price,103
11/5/2020,10 Y,Price,103.5
1/13/2020,10 Y,Yield,0.0686
1/14/2020,10 Y,Yield,0.0686
9/8/2020,10 Y,Yield,0.0686
9/10/2020,10 Y,Yield,0.0686
4/9/2020,10 Y,Yield,0.0808
1/22/2020,10 Y,Yield,0.0671
8/12/2020,10 Y,Yield,0.0671
2/17/2020,10 Y,Yield,0.0656
6/11/2020,10 Y,Yield,0.0717
6/26/2020,10 Y,Yield,0.0717
4/29/2020,10 Y,Price,92.66
4/2/2020,10 Y,Price,92.91
6/29/2020,10 Y,Price,98.91
7/13/2020,10 Y,Price,99.66
7/20/2020,10 Y,Price,99.66
3/9/2020,10 Y,Yield,0.0702
7/16/2020,10 Y,Yield,0.0702
1/15/2020,10 Y,Yield,0.0687
9/9/2020,10 Y,Yield,0.0687
9/15/2020,10 Y,Yield,0.0687
9/16/2020,10 Y,Yield,0.0687
9/22/2020,10 Y,Yield,0.0687
10/12/2020,10 Y,Yield,0.0687
10/13/2020,10 Y,Yield,0.0687
11/16/20,10 Y,Yield,0.0626
4/28/2020,10 Y,Yield,0.0809
1/20/2020,10 Y,Price,101.32
1/21/2020,10 Y,Price,101.57
11/30/20,10 Y,Price,106.07
3/19/2020,10 Y,Price,94.32
3/6/2020,10 Y,Price,102.82
2/18/2020,10 Y,Price,103.57
2/21/2020,10 Y,Price,103.82
11/10/2020,10 Y,Yield,0.0618
11/25/20,10 Y,Yield,0.0618
12/03/20,10 Y,Yield,0.0618
4/27/2020,10 Y,Yield,0.0794
2/6/2020,10 Y,Yield,0.0657
2/11/2020,10 Y,Yield,0.0657
2/14/2020,10 Y,Yield,0.0657
11/3/2020,10 Y,Yield,0.0657
11/4/2020,10 Y,Yield,0.0657
5/27/2020,10 Y,Yield,0.0718
6/19/2020,10 Y,Yield,0.0718
6/23/2020,10 Y,Yield,0.0718
7/1/2020,10 Y,Yield,0.0718
7/3/2020,10 Y,Yield,0.0718
4/22/2020,10 Y,Yield,0.0779
7/17/2020,10 Y,Yield,0.0703
3/23/2020,10 Y,Price,92.23
3/13/2020,10 Y,Price,96.73
5/26/2020,10 Y,Price,96.73
9/16/2020,10 Y,Price,100.98
1/28/2020,10 Y,Price,101.73
11/25/20,10 Y,Price,105.98
4/15/2020,10 Y,Price,94.23
11/27/20,10 Y,Price,106.23
2/27/2020,10 Y,Price,102.48
3/17/2020,10 Y,Yield,0.0749
11/11/2020,10 Y,Yield,0.0627
9/18/2020,10 Y,Yield,0.0688
9/23/2020,10 Y,Yield,0.0688
10/6/2020,10 Y,Yield,0.0688
10/7/2020,10 Y,Yield,0.0688
10/8/2020,10 Y,Yield,0.0688
3/26/2020,10 Y,Yield,0.081
8/18/2020,10 Y,Yield,0.0673
10/16/2020,10 Y,Yield,0.0673
4/13/2020,10 Y,Yield,0.0795
5/20/2020,10 Y,Price,96.14
3/26/2020,10 Y,Price,92.39
9/2/2020,10 Y,Price,100.64
9/4/2020,10 Y,Price,100.64
5/11/2020,10 Y,Price,92.89
10/7/2020,10 Y,Price,100.89
9/21/2020,10 Y,Price,101.14
1/17/2020,10 Y,Price,101.39
7/24/2020,10 Y,Price,101.39
10/23/2020,10 Y,Price,102.89
2/20/2020,10 Y,Price,103.64
3/9/2020,10 Y,Price,99.89
11/18/20,10 Y,Yield,0.0611
5/15/2020,10 Y,Yield,0.078
1/3/2020,10 Y,Yield,0.0704
7/21/2020,10 Y,Yield,0.0704
10/26/2020,10 Y,Yield,0.066581
4/8/2020,10 Y,Price,92.55
10/1/2020,10 Y,Price,100.55
5/28/2020,10 Y,Price,97.55
5/29/2020,10 Y,Price,97.55
11/9/2020,10 Y,Price,105.55
6/10/2020,10 Y,Price,98.05
6/30/2020,10 Y,Price,98.55
6/11/2020,10 Y,Price,98.8
2/6/2020,10 Y,Price,103.3
2/19/2020,10 Y,Price,103.8
9/7/2020,10 Y,Yield,0.0689
9/17/2020,10 Y,Yield,0.0689
9/29/2020,10 Y,Yield,0.0689
10/2/2020,10 Y,Yield,0.0689
8/13/2020,10 Y,Yield,0.0674
5/28/2020,10 Y,Yield,0.0735
5/29/2020,10 Y,Yield,0.0735
1/24/2020,10 Y,Yield,0.0659
2/5/2020,10 Y,Yield,0.0659
2/10/2020,10 Y,Yield,0.0659
3/4/2020,10 Y,Yield,0.0659
10/21/2020,10 Y,Yield,0.0659
6/15/2020,10 Y,Yield,0.072
7/2/2020,10 Y,Yield,0.072
7/6/2020,10 Y,Yield,0.072
3/19/2020,10 Y,Yield,0.0781
3/10/2020,10 Y,Price,100.21
1/15/2020,10 Y,Price,100.96
9/15/2020,10 Y,Price,100.96
10/12/2020,10 Y,Price,100.96
2/28/2020,10 Y,Price,101.21
3/3/2020,10 Y,Price,101.71
5/14/2020,10 Y,Price,93.96
10/16/2020,10 Y,Price,101.96
3/31/2020,10 Y,Price,94.21
4/23/2020,10 Y,Price,94.21
7/3/2020,10 Y,Price,98.71
1/23/2020,10 Y,Price,102.71
3/24/2020,10 Y,Price,91.21
1/8/2020,10 Y,Price,99.46
1/10/2020,10 Y,Price,99.46
7/13/2020,10 Y,Yield,0.0705
7/14/2020,10 Y,Yield,0.0705
7/15/2020,10 Y,Yield,0.0705
7/20/2020,10 Y,Yield,0.0705
3/23/2020,10 Y,Yield,0.0812
7/23/2020,10 Y,Yield,0.069
9/24/2020,10 Y,Yield,0.069
9/25/2020,10 Y,Yield,0.069
9/28/2020,10 Y,Yield,0.069
10/5/2020,10 Y,Yield,0.069
3/18/2020,10 Y,Yield,0.0751
10/8/2020,10 Y,Price,100.87
4/1/2020,10 Y,Price,93.87
7/6/2020,10 Y,Price,98.62
4/21/2020,10 Y,Price,94.87
2/5/2020,10 Y,Price,103.12
11/3/2020,10 Y,Price,103.12
2/17/2020,10 Y,Price,103.37
10/23/2020,10 Y,Yield,0.066
11/2/2020,10 Y,Yield,0.066
6/30/2020,10 Y,Yield,0.0721
4/15/2020,10 Y,Yield,0.0782
7/10/2020,10 Y,Yield,0.0706
3/24/2020,10 Y,Yield,0.0828
9/29/2020,10 Y,Price,100.78
9/10/2020,10 Y,Price,101.03
12/01/20,10 Y,Price,106.03
2/3/2020,10 Y,Price,102.28
11/26/20,10 Y,Price,106.28
10/20/2020,10 Y,Price,102.53
6/26/2020,10 Y,Price,98.78
5/18/2020,10 Y,Price,95.03
2/14/2020,10 Y,Price,103.28
9/14/2020,10 Y,Yield,0.0691
10/9/2020,10 Y,Yield,0.0691
11/13/20,10 Y,Yield,0.063
8/14/2020,10 Y,Yield,0.0676
9/30/2020,10 Y,Price,100.44
5/6/2020,10 Y,Price,92.94
10/13/2020,10 Y,Price,100.94
9/1/2020,10 Y,Price,101.19
4/24/2020,10 Y,Price,94.19
6/9/2020,10 Y,Price,98.44
6/22/2020,10 Y,Price,98.94
2/7/2020,10 Y,Price,103.44
1/3/2020,10 Y,Price,99.69
6/9/2020,10 Y,Yield,0.0722
3/31/2020,10 Y,Yield,0.0783
4/23/2020,10 Y,Yield,0.0783
4/24/2020,10 Y,Yield,0.0783
10/22/2020,10 Y,Yield,0.0661
10/27/2020,10 Y,Yield,0.065782
1/2/2020,10 Y,Yield,0.0707
6/5/2020,10 Y,Yield,0.0707
9/2/2020,10 Y,Yield,0.0692
9/4/2020,10 Y,Yield,0.0692
3/18/2020,10 Y,Price,96.35
5/12/2020,10 Y,Price,92.6
4/13/2020,10 Y,Price,93.35
10/15/2020,10 Y,Price,101.35
3/27/2020,10 Y,Price,93.85
8/25/2020,10 Y,Price,102.35
6/15/2020,10 Y,Price,98.6
10/22/2020,10 Y,Price,102.85
7/10/2020,10 Y,Price,99.6
2/12/2020,10 Y,Price,103.6
3/5/2020,10 Y,Price,103.6
1/28/2020,10 Y,Yield,0.0677
3/3/2020,10 Y,Yield,0.0677
8/6/2020,10 Y,Yield,0.0677
8/7/2020,10 Y,Yield,0.0677
8/10/2020,10 Y,Yield,0.0677
8/11/2020,10 Y,Yield,0.0677
1/31/2020,10 Y,Yield,0.0662
6/2/2020,10 Y,Yield,0.0723
3/20/2020,10 Y,Price,92.01
9/11/2020,10 Y,Price,100.01
6/3/2020,10 Y,Price,100.26
9/25/2020,10 Y,Price,100.76
4/17/2020,10 Y,Price,94.01
6/23/2020,10 Y,Price,98.76
1/8/2020,10 Y,Yield,0.0708
1/10/2020,10 Y,Yield,0.0708
7/9/2020,10 Y,Yield,0.0708
7/22/2020,10 Y,Yield,0.0693
10/1/2020,10 Y,Yield,0.0693
3/20/2020,10 Y,Yield,0.0815
11/23/20,10 Y,Yield,0.0621
11/24/20,10 Y,Yield,0.0621
12/04/20,10 Y,Yield,0.0621
9/3/2020,10 Y,Price,100.42
5/5/2020,10 Y,Price,92.92
8/7/2020,10 Y,Price,101.67
8/10/2020,10 Y,Price,101.67
8/11/2020,10 Y,Price,101.67
3/16/2020,10 Y,Price,97.92
11/19/20,10 Y,Price,106.17
11/2/2020,10 Y,Price,102.92
1/27/2020,10 Y,Yield,0.0663
3/6/2020,10 Y,Yield,0.0663
6/12/2020,10 Y,Yield,0.0724
3/2/2020,10 Y,Yield,0.0709
9/7/2020,10 Y,Price,100.83
8/31/2020,10 Y,Price,101.08
4/16/2020,10 Y,Price,93.58
11/4/2020,10 Y,Price,103.08
11/12/20,10 Y,Yield,0.0633
5/20/2020,10 Y,Yield,0.0755
9/30/2020,10 Y,Yield,0.0694
1/21/2020,10 Y,Yield,0.0679
7/30/2020,10 Y,Yield,0.0679
8/5/2020,10 Y,Yield,0.0679
8/27/2020,10 Y,Yield,0.0679
1/23/2020,10 Y,Yield,0.0664
1/29/2020,10 Y,Yield,0.0664
1/30/2020,10 Y,Yield,0.0664
4/28/2020,10 Y,Price,92.49
10/5/2020,10 Y,Price,100.74
7/28/2020,10 Y,Price,101.24
8/3/2020,10 Y,Price,101.49
4/20/2020,10 Y,Price,93.99
8/19/2020,10 Y,Price,102.24
4/22/2020,10 Y,Price,94.49
11/18/20,10 Y,Price,106.49
1/30/2020,10 Y,Price,102.74
10/21/2020,10 Y,Price,102.99
1/7/2020,10 Y,Price,99.24
6/24/2020,10 Y,Price,99.24
11/26/20,10 Y,Yield,0.0614
4/17/2020,10 Y,Yield,0.0786
4/20/2020,10 Y,Yield,0.0786
7/8/2020,10 Y,Yield,0.071
5/18/2020,10 Y,Yield,0.0771
11/6/2020,10 Y,Yield,0.0634
4/7/2020,10 Y,Yield,0.0817
9/3/2020,10 Y,Yield,0.0695
7/29/2020,10 Y,Price,101.4
3/30/2020,10 Y,Price,93.9
6/17/2020,10 Y,Price,99.15
2/10/2020,10 Y,Price,103.15
3/4/2020,10 Y,Price,103.15
7/14/2020,10 Y,Price,99.65
4/7/2020,10 Y,Price,91.9
7/16/2020,10 Y,Price,99.9
4/2/2020,10 Y,Yield,0.0802
5/5/2020,10 Y,Yield,0.0802
5/6/2020,10 Y,Yield,0.0802
8/3/2020,10 Y,Yield,0.068
10/20/2020,10 Y,Yield,0.0665
3/30/2020,10 Y,Yield,0.0787
5/14/2020,10 Y,Yield,0.0787
1/9/2020,10 Y,Price,100.06
4/6/2020,10 Y,Price,92.56
9/17/2020,10 Y,Price,100.81
10/2/2020,10 Y,Price,100.81
1/13/2020,10 Y,Price,101.06
1/14/2020,10 Y,Price,101.06
3/11/2020,10 Y,Price,101.31
11/11/2020,10 Y,Price,105.31
7/2/2020,10 Y,Price,98.56
2/19/2020,10 Y,Yield,0.065
2/21/2020,10 Y,Yield,0.065
3/12/2020,10 Y,Price,99.06
6/25/2020,10 Y,Price,99.06
7/17/2020,10 Y,Price,99.81
1/7/2020,10 Y,Yield,0.0711
6/8/2020,10 Y,Yield,0.0711
6/24/2020,10 Y,Yield,0.0711
7/24/2020,10 Y,Yield,0.0681
7/29/2020,10 Y,Yield,0.0681
10/15/2020,10 Y,Yield,0.0681
5/11/2020,10 Y,Yield,0.0803
5/4/2020,10 Y,Price,93.72
11/10/2020,10 Y,Price,105.97
12/03/20,10 Y,Price,105.97
5/27/2020,10 Y,Price,98.72
6/19/2020,10 Y,Price,98.72
6/8/2020,10 Y,Price,99.22
1/2/2020,10 Y,Price,99.47
7/9/2020,10 Y,Price,99.47
2/26/2020,10 Y,Price,103.47
11/27/20,10 Y,Yield,0.0615
12/02/20,10 Y,Yield,0.0615
3/27/2020,10 Y,Yield,0.0788
4/1/2020,10 Y,Yield,0.0788
5/13/2020,10 Y,Yield,0.0788
4/21/2020,10 Y,Yield,0.0773
6/17/2020,10 Y,Yield,0.0712
7/7/2020,10 Y,Yield,0.0712
9/18/2020,10 Y,Price,100.88
10/6/2020,10 Y,Price,100.88
11/12/20,10 Y,Price,104.88
11/16/20,10 Y,Price,105.38
5/13/2020,10 Y,Price,93.88
8/12/2020,10 Y,Price,102.13
10/19/2020,10 Y,Price,102.38
1/24/2020,10 Y,Price,103.13
7/15/2020,10 Y,Price,99.63
6/3/2020,10 Y,Yield,0.0697
1/17/2020,10 Y,Yield,0.0682
4/3/2020,10 Y,Yield,0.0804
2/4/2020,10 Y,Yield,0.0667
2/27/2020,10 Y,Yield,0.0667
10/19/2020,10 Y,Yield,0.0667
6/10/2020,10 Y,Yield,0.0728
4/30/2020,10 Y,Yield,0.0789
6/4/2020,10 Y,Price,100.04
3/17/2020,10 Y,Price,96.54
4/3/2020,10 Y,Price,92.79
11/6/2020,10 Y,Price,104.79
1/16/2020,10 Y,Price,101.29
7/30/2020,10 Y,Price,101.54
8/27/2020,10 Y,Price,101.54
4/30/2020,10 Y,Price,93.79
6/12/2020,10 Y,Price,98.29
8/24/2020,10 Y,Price,102.29
1/27/2020,10 Y,Price,102.79
2/13/2020,10 Y,Price,103.54
2/25/2020,10 Y,Price,103.54
2/20/2020,10 Y,Yield,0.0652
11/5/2020,10 Y,Yield,0.0652
3/12/2020,10 Y,Yield,0.0713
6/25/2020,10 Y,Yield,0.0713
3/10/2020,10 Y,Yield,0.0698
10/9/2020,10 Y,Price,100.7
9/9/2020,10 Y,Price,100.95
4/27/2020,10 Y,Price,93.45
8/6/2020,10 Y,Price,101.7
1/22/2020,10 Y,Price,102.2
12/02/20,10 Y,Price,106.2
1/16/2020,10 Y,Yield,0.0683
1/20/2020,10 Y,Yield,0.0683
3/11/2020,10 Y,Yield,0.0683
7/28/2020,10 Y,Yield,0.0683
8/4/2020,10 Y,Yield,0.0683
5/8/2020,10 Y,Yield,0.0805
11/17/20,10 Y,Yield,0.0616
11/19/20,10 Y,Yield,0.0616
11/20/20,10 Y,Yield,0.0616
8/25/2020,10 Y,Yield,0.0668
5/4/2020,10 Y,Yield,0.079
3/16/2020,10 Y,Yield,0.0729
2/12/2020,10 Y,Yield,0.0653
2/18/2020,10 Y,Yield,0.0653
2/25/2020,10 Y,Yield,0.0653
3/5/2020,10 Y,Yield,0.0653
1/6/2020,10 Y,Yield,0.0714
6/18/2020,10 Y,Yield,0.0714
9/23/2020,10 Y,Price,100.86
7/27/2020,10 Y,Price,101.11
10/14/2020,10 Y,Price,101.11
11/13/20,10 Y,Price,105.11
11/17/20,10 Y,Price,106.11
11/20/20,10 Y,Price,106.11
1/31/2020,10 Y,Price,102.86
11/9/2020,10 Y,Yield,0.0624
2/28/2020,10 Y,Yield,0.0684
9/1/2020,10 Y,Yield,0.0684
4/29/2020,10 Y,Yield,0.0806
4/9/2020,10 Y,Price,92.52
7/23/2020,10 Y,Price,100.77
9/24/2020,10 Y,Price,100.77
9/28/2020,10 Y,Price,100.77
9/8/2020,10 Y,Price,101.02
8/5/2020,10 Y,Price,101.52
11/23/20,10 Y,Price,105.77
11/24/20,10 Y,Price,105.77
8/26/2020,10 Y,Price,102.27
2/4/2020,10 Y,Price,102.52
6/18/2020,10 Y,Price,99.02
10/27/2020,10 Y,Price,103.02
7/8/2020,10 Y,Price,99.27
2/11/2020,10 Y,Price,103.27
6/5/2020,10 Y,Price,99.52
2/24/2020,10 Y,Price,103.52
7/21/2020,10 Y,Price,99.77
8/19/2020,10 Y,Yield,0.0669
8/24/2020,10 Y,Yield,0.0669
8/26/2020,10 Y,Yield,0.0669
2/13/2020,10 Y,Yield,0.0654
2/24/2020,10 Y,Yield,0.0654
2/26/2020,10 Y,Yield,0.0654
6/16/2020,10 Y,Yield,0.0715
6/22/2020,10 Y,Yield,0.0715
9/14/2020,10 Y,Price,100.68
9/22/2020,10 Y,Price,100.93
8/13/2020,10 Y,Price,101.93
5/15/2020,10 Y,Price,94.43
6/16/2020,10 Y,Price,98.93
7/7/2020,10 Y,Price,99.18
5/19/2020,10 Y,Price,95.68
1/9/2020,10 Y,Yield,0.07
6/4/2020,10 Y,Yield,0.07
9/11/2020,10 Y,Yield,0.07
5/19/2020,10 Y,Yield,0.0761
3/13/2020,10 Y,Yield,0.0746
5/26/2020,10 Y,Yield,0.0746
4/6/2020,10 Y,Yield,0.0807
4/8/2020,10 Y,Yield,0.0807
5/12/2020,10 Y,Yield,0.0807
7/27/2020,10 Y,Yield,0.0685
8/28/2020,10 Y,Yield,0.0685
8/31/2020,10 Y,Yield,0.0685
9/21/2020,10 Y,Yield,0.0685
10/14/2020,10 Y,Yield,0.0685
11/30/20,10 Y,Yield,0.0617
12/01/20,10 Y,Yield,0.0617
2/3/2020,10 Y,Yield,0.067
4/14/2020,10 Y,Yield,0.0792
4/16/2020,10 Y,Yield,0.0792
8/28/2020,10 Y,Price,101.09
4/14/2020,10 Y,Price,93.59
6/2/2020,10 Y,Price,98.34
3/2/2020,10 Y,Price,99.34
2/7/2020,10 Y,Yield,0.0655
6/29/2020,10 Y,Yield,0.0716
2/14/2020,15 Y,Price,104.25
9/22/2020,15 Y,Price,101
2/28/2020,15 Y,Price,101.25
10/16/2020,15 Y,Price,101.75
8/14/2020,15 Y,Price,102.5
6/17/2020,15 Y,Price,98.75
2/5/2020,15 Y,Price,103.25
11/10/2020,15 Y,Price,107.25
11/23/20,15 Y,Price,107.5
11/19/20,15 Y,Price,107.75
1/14/2020,15 Y,Yield,0.0732
1/16/2020,15 Y,Yield,0.0732
1/20/2020,15 Y,Yield,0.0732
1/23/2020,15 Y,Yield,0.0717
3/27/2020,15 Y,Yield,0.0839
6/4/2020,15 Y,Price,100.16
2/17/2020,15 Y,Price,104.41
1/16/2020,15 Y,Price,101.66
6/15/2020,15 Y,Price,98.41
6/16/2020,15 Y,Price,98.41
8/6/2020,15 Y,Price,102.41
5/14/2020,15 Y,Price,94.66
6/9/2020,15 Y,Price,98.66
7/2/2020,15 Y,Price,99.16
2/12/2020,15 Y,Yield,0.0702
2/18/2020,15 Y,Yield,0.0702
2/21/2020,15 Y,Yield,0.0702
6/11/2020,15 Y,Yield,0.0763
6/22/2020,15 Y,Yield,0.0763
4/6/2020,15 Y,Yield,0.0824
4/7/2020,15 Y,Yield,0.0824
11/12/20,15 Y,Yield,0.0687
10/27/2020,15 Y,Yield,0.071534
3/19/2020,15 Y,Yield,0.0809
7/21/2020,15 Y,Yield,0.0748
9/28/2020,15 Y,Price,100.82
5/29/2020,15 Y,Price,97.32
10/15/2020,15 Y,Price,101.32
3/17/2020,15 Y,Price,97.82
6/2/2020,15 Y,Price,97.82
7/24/2020,15 Y,Price,101.82
8/5/2020,15 Y,Price,102.32
11/3/2020,15 Y,Price,103.07
11/4/2020,15 Y,Price,103.07
2/6/2020,15 Y,Price,103.32
11/10/2020,15 Y,Yield,0.0672
1/15/2020,15 Y,Yield,0.0733
1/17/2020,15 Y,Yield,0.0733
7/23/2020,15 Y,Yield,0.0733
3/24/2020,15 Y,Yield,0.0855
2/3/2020,15 Y,Yield,0.0718
10/21/2020,15 Y,Yield,0.0718
10/22/2020,15 Y,Yield,0.0718
2/17/2020,15 Y,Yield,0.0703
2/20/2020,15 Y,Yield,0.0703
2/24/2020,15 Y,Yield,0.0703
2/25/2020,15 Y,Yield,0.0703
1/2/2020,15 Y,Price,100.48
2/12/2020,15 Y,Price,104.48
2/18/2020,15 Y,Price,104.48
8/27/2020,15 Y,Price,101.73
5/8/2020,15 Y,Price,93.98
6/4/2020,15 Y,Yield,0.0749
7/17/2020,15 Y,Yield,0.0749
4/29/2020,15 Y,Yield,0.081
3/11/2020,15 Y,Yield,0.0734
7/27/2020,15 Y,Yield,0.0734
1/6/2020,15 Y,Price,100.39
1/8/2020,15 Y,Price,100.39
1/10/2020,15 Y,Price,100.39
2/25/2020,15 Y,Price,104.39
10/5/2020,15 Y,Price,100.89
3/13/2020,15 Y,Price,97.39
11/11/2020,15 Y,Price,106.14
4/16/2020,15 Y,Price,94.64
8/13/2020,15 Y,Price,102.64
3/24/2020,15 Y,Price,91.14
2/4/2020,15 Y,Yield,0.0719
8/12/2020,15 Y,Yield,0.0719
3/13/2020,15 Y,Yield,0.078
3/18/2020,15 Y,Yield,0.078
2/13/2020,15 Y,Yield,0.0704
2/26/2020,15 Y,Yield,0.0704
6/17/2020,15 Y,Yield,0.0765
6/18/2020,15 Y,Yield,0.0765
4/9/2020,15 Y,Yield,0.0826
2/26/2020,15 Y,Price,104.3
5/20/2020,15 Y,Price,96.8
3/10/2020,15 Y,Yield,0.075
6/3/2020,15 Y,Yield,0.075
9/11/2020,15 Y,Yield,0.075
4/8/2020,15 Y,Price,93.8
1/13/2020,15 Y,Price,102.05
11/13/20,15 Y,Price,106.05
8/19/2020,15 Y,Price,102.55
3/23/2020,15 Y,Price,91.3
7/7/2020,15 Y,Price,99.3
11/17/20,15 Y,Yield,0.0674
10/15/2020,15 Y,Yield,0.0735
4/24/2020,15 Y,Yield,0.0796
2/27/2020,15 Y,Yield,0.072
10/23/2020,15 Y,Yield,0.072
5/28/2020,15 Y,Yield,0.0781
5/29/2020,15 Y,Yield,0.0781
3/27/2020,15 Y,Price,92.46
9/8/2020,15 Y,Price,100.96
3/11/2020,15 Y,Price,101.46
7/27/2020,15 Y,Price,101.46
2/10/2020,15 Y,Price,103.71
7/20/2020,15 Y,Price,99.96
1/24/2020,15 Y,Yield,0.0705
2/7/2020,15 Y,Yield,0.0705
2/14/2020,15 Y,Yield,0.0705
6/9/2020,15 Y,Yield,0.0766
4/16/2020,15 Y,Yield,0.0812
4/20/2020,15 Y,Yield,0.0812
5/5/2020,15 Y,Yield,0.0812
5/14/2020,15 Y,Yield,0.0812
7/16/2020,15 Y,Yield,0.0751
7/20/2020,15 Y,Yield,0.0751
8/28/2020,15 Y,Yield,0.0736
9/9/2020,15 Y,Price,100.87
10/8/2020,15 Y,Price,100.87
8/31/2020,15 Y,Price,101.12
10/6/2020,15 Y,Price,101.12
10/14/2020,15 Y,Price,101.12
1/17/2020,15 Y,Price,101.62
5/13/2020,15 Y,Price,94.12
6/12/2020,15 Y,Price,98.37
8/3/2020,15 Y,Price,102.37
1/28/2020,15 Y,Price,102.62
4/29/2020,15 Y,Price,94.87
6/11/2020,15 Y,Price,98.87
1/31/2020,15 Y,Price,103.37
7/13/2020,15 Y,Price,99.62
8/13/2020,15 Y,Yield,0.0721
8/24/2020,15 Y,Yield,0.0721
3/26/2020,15 Y,Yield,0.0843
6/19/2020,15 Y,Yield,0.0767
3/10/2020,15 Y,Price,100.03
9/11/2020,15 Y,Price,100.03
9/4/2020,15 Y,Price,100.78
9/25/2020,15 Y,Price,100.78
9/30/2020,15 Y,Price,100.78
4/2/2020,15 Y,Price,93.28
4/1/2020,15 Y,Price,93.78
5/11/2020,15 Y,Price,94.03
8/18/2020,15 Y,Price,102.53
6/8/2020,15 Y,Price,99.03
2/28/2020,15 Y,Yield,0.0737
9/1/2020,15 Y,Yield,0.0737
1/24/2020,15 Y,Price,104.19
2/7/2020,15 Y,Price,104.19
9/17/2020,15 Y,Price,100.69
9/23/2020,15 Y,Price,100.94
10/12/2020,15 Y,Price,100.94
3/30/2020,15 Y,Price,93.94
6/30/2020,15 Y,Price,98.94
10/22/2020,15 Y,Price,102.94
1/30/2020,15 Y,Price,103.44
1/28/2020,15 Y,Yield,0.0722
8/18/2020,15 Y,Yield,0.0722
8/19/2020,15 Y,Yield,0.0722
6/10/2020,15 Y,Yield,0.0768
4/2/2020,15 Y,Yield,0.0829
7/22/2020,15 Y,Price,100.6
9/24/2020,15 Y,Price,100.85
7/23/2020,15 Y,Price,101.6
11/16/20,15 Y,Price,106.35
10/27/2020,15 Y,Price,103.1
3/2/2020,15 Y,Price,99.35
4/17/2020,15 Y,Yield,0.0814
5/6/2020,15 Y,Yield,0.0814
4/22/2020,15 Y,Yield,0.0799
4/23/2020,15 Y,Yield,0.0799
3/3/2020,15 Y,Yield,0.0738
8/31/2020,15 Y,Yield,0.0738
10/6/2020,15 Y,Yield,0.0738
10/14/2020,15 Y,Yield,0.0738
8/7/2020,15 Y,Yield,0.0723
8/14/2020,15 Y,Yield,0.0723
8/25/2020,15 Y,Yield,0.0723
9/21/2020,15 Y,Price,101.01
10/13/2020,15 Y,Price,101.01
4/15/2020,15 Y,Price,94.26
5/6/2020,15 Y,Price,94.51
2/3/2020,15 Y,Price,103.01
11/17/20,15 Y,Price,107.01
6/12/2020,15 Y,Yield,0.0769
6/15/2020,15 Y,Yield,0.0769
6/16/2020,15 Y,Yield,0.0769
3/12/2020,15 Y,Yield,0.0754
6/25/2020,15 Y,Yield,0.0754
7/10/2020,15 Y,Yield,0.0754
7/15/2020,15 Y,Yield,0.0754
9/21/2020,15 Y,Yield,0.0739
9/22/2020,15 Y,Yield,0.0739
10/7/2020,15 Y,Yield,0.0739
10/13/2020,15 Y,Yield,0.0739
7/21/2020,15 Y,Price,100.17
2/19/2020,15 Y,Price,104.67
1/9/2020,15 Y,Price,100.92
3/18/2020,15 Y,Price,97.42
4/21/2020,15 Y,Yield,0.08
6/22/2020,15 Y,Price,98.92
5/4/2020,15 Y,Price,95.17
7/1/2020,15 Y,Price,99.17
6/26/2020,15 Y,Price,99.42
4/21/2020,15 Y,Price,95.67
7/10/2020,15 Y,Price,99.67
12/02/20,15 Y,Yield,0.0663
12/03/20,15 Y,Yield,0.0663
5/26/2020,15 Y,Yield,0.0785
8/3/2020,15 Y,Yield,0.0724
8/6/2020,15 Y,Yield,0.0724
8/10/2020,15 Y,Yield,0.0724
8/11/2020,15 Y,Yield,0.0724
8/26/2020,15 Y,Yield,0.0724
1/27/2020,15 Y,Yield,0.0709
2/11/2020,15 Y,Yield,0.0709
3/6/2020,15 Y,Yield,0.0709
3/16/2020,15 Y,Yield,0.077
3/5/2020,15 Y,Price,104.58
9/7/2020,15 Y,Price,100.83
11/6/2020,15 Y,Price,104.83
5/28/2020,15 Y,Price,97.33
7/30/2020,15 Y,Price,102.33
11/5/2020,15 Y,Price,103.33
7/14/2020,15 Y,Price,99.58
3/6/2020,15 Y,Price,103.83
7/13/2020,15 Y,Yield,0.0755
7/14/2020,15 Y,Yield,0.0755
1/9/2020,15 Y,Yield,0.074
3/9/2020,15 Y,Yield,0.074
9/8/2020,15 Y,Yield,0.074
9/10/2020,15 Y,Yield,0.074
9/15/2020,15 Y,Yield,0.074
9/16/2020,15 Y,Yield,0.074
9/23/2020,15 Y,Yield,0.074
9/29/2020,15 Y,Yield,0.074
10/2/2020,15 Y,Yield,0.074
10/5/2020,15 Y,Yield,0.074
10/9/2020,15 Y,Yield,0.074
10/12/2020,15 Y,Yield,0.074
9/14/2020,15 Y,Price,100.74
10/7/2020,15 Y,Price,100.99
4/9/2020,15 Y,Price,93.49
11/12/20,15 Y,Price,105.74
7/29/2020,15 Y,Yield,0.0725
7/30/2020,15 Y,Yield,0.0725
8/5/2020,15 Y,Yield,0.0725
8/25/2020,15 Y,Price,102.49
7/3/2020,15 Y,Price,98.99
4/27/2020,15 Y,Price,95.49
11/24/20,15 Y,Price,107.49
3/20/2020,15 Y,Price,91.74
4/22/2020,15 Y,Price,95.74
2/10/2020,15 Y,Yield,0.071
5/27/2020,15 Y,Yield,0.0771
4/15/2020,15 Y,Yield,0.0817
6/5/2020,15 Y,Yield,0.0756
7/9/2020,15 Y,Yield,0.0756
9/15/2020,15 Y,Price,100.9
9/16/2020,15 Y,Price,100.9
4/6/2020,15 Y,Price,93.65
8/26/2020,15 Y,Price,102.4
4/20/2020,15 Y,Price,94.65
8/24/2020,15 Y,Price,102.65
2/4/2020,15 Y,Price,102.9
3/4/2020,15 Y,Price,103.65
1/3/2020,15 Y,Yield,0.0741
9/7/2020,15 Y,Yield,0.0741
9/9/2020,15 Y,Yield,0.0741
9/18/2020,15 Y,Yield,0.0741
9/24/2020,15 Y,Yield,0.0741
9/28/2020,15 Y,Yield,0.0741
10/8/2020,15 Y,Yield,0.0741
4/27/2020,15 Y,Yield,0.0802
11/18/20,15 Y,Yield,0.0665
11/26/20,15 Y,Yield,0.0665
12/04/20,15 Y,Yield,0.0665
1/22/2020,15 Y,Yield,0.0726
3/20/2020,15 Y,Yield,0.0848
5/20/2020,15 Y,Yield,0.0787
4/24/2020,15 Y,Price,96.06
12/03/20,15 Y,Price,108.06
10/20/2020,15 Y,Price,102.06
6/19/2020,15 Y,Price,98.56
1/23/2020,15 Y,Price,103.06
11/20/20,15 Y,Price,107.56
11/27/20,15 Y,Price,107.81
3/4/2020,15 Y,Yield,0.0711
6/26/2020,15 Y,Yield,0.0757
11/16/20,15 Y,Yield,0.0681
4/28/2020,15 Y,Yield,0.0803
5/18/2020,15 Y,Yield,0.0803
9/2/2020,15 Y,Yield,0.0742
9/3/2020,15 Y,Yield,0.0742
9/4/2020,15 Y,Yield,0.0742
9/14/2020,15 Y,Yield,0.0742
9/25/2020,15 Y,Yield,0.0742
9/30/2020,15 Y,Yield,0.0742
10/1/2020,15 Y,Yield,0.0742
5/19/2020,15 Y,Price,96.47
9/3/2020,15 Y,Price,100.72
3/31/2020,15 Y,Price,93.72
6/18/2020,15 Y,Price,98.72
6/23/2020,15 Y,Price,98.97
4/28/2020,15 Y,Price,95.47
7/15/2020,15 Y,Price,99.72
11/25/20,15 Y,Price,107.72
11/30/20,15 Y,Price,107.72
7/16/2020,15 Y,Price,99.97
10/20/2020,15 Y,Yield,0.0727
11/19/20,15 Y,Yield,0.0666
11/27/20,15 Y,Yield,0.0666
1/29/2020,15 Y,Yield,0.0712
1/3/2020,15 Y,Price,100.88
9/29/2020,15 Y,Price,100.88
10/9/2020,15 Y,Price,100.88
11/9/2020,15 Y,Price,106.13
8/10/2020,15 Y,Price,102.38
10/21/2020,15 Y,Price,102.88
3/12/2020,15 Y,Price,99.63
11/18/20,15 Y,Price,107.88
11/26/20,15 Y,Price,107.88
12/04/20,15 Y,Price,107.88
11/6/2020,15 Y,Yield,0.0697
3/2/2020,15 Y,Yield,0.0758
6/24/2020,15 Y,Yield,0.0758
7/7/2020,15 Y,Yield,0.0758
7/8/2020,15 Y,Yield,0.0758
5/13/2020,15 Y,Yield,0.0819
9/17/2020,15 Y,Yield,0.0743
11/25/20,15 Y,Yield,0.0667
11/30/20,15 Y,Yield,0.0667
1/13/2020,15 Y,Yield,0.0728
8/4/2020,15 Y,Yield,0.0728
10/19/2020,15 Y,Yield,0.0728
6/3/2020,15 Y,Price,100.04
2/13/2020,15 Y,Price,104.29
9/18/2020,15 Y,Price,100.79
8/28/2020,15 Y,Price,101.29
1/21/2020,15 Y,Price,101.79
7/28/2020,15 Y,Price,101.79
8/4/2020,15 Y,Price,102.04
3/16/2020,15 Y,Price,98.29
2/27/2020,15 Y,Price,102.79
7/6/2020,15 Y,Price,99.04
11/2/2020,15 Y,Price,103.04
7/8/2020,15 Y,Price,99.29
6/5/2020,15 Y,Price,99.54
1/29/2020,15 Y,Price,103.54
1/27/2020,15 Y,Price,103.79
1/30/2020,15 Y,Yield,0.0713
11/5/2020,15 Y,Yield,0.0713
5/11/2020,15 Y,Yield,0.082
5/26/2020,15 Y,Price,96.95
10/2/2020,15 Y,Price,100.95
9/1/2020,15 Y,Price,101.2
5/5/2020,15 Y,Price,94.7
10/23/2020,15 Y,Price,102.7
3/19/2020,15 Y,Price,94.95
5/18/2020,15 Y,Price,95.45
6/25/2020,15 Y,Price,99.7
11/9/2020,15 Y,Yield,0.0683
11/11/2020,15 Y,Yield,0.0683
1/7/2020,15 Y,Yield,0.0744
7/22/2020,15 Y,Yield,0.0744
11/20/20,15 Y,Yield,0.0668
12/01/20,15 Y,Yield,0.0668
10/26/2020,15 Y,Yield,0.071483
1/31/2020,15 Y,Yield,0.0714
2/6/2020,15 Y,Yield,0.0714
12/02/20,15 Y,Price,108.11
2/24/2020,15 Y,Price,104.36
3/3/2020,15 Y,Price,101.11
1/15/2020,15 Y,Price,101.61
8/12/2020,15 Y,Price,102.86
4/30/2020,15 Y,Price,95.11
6/29/2020,15 Y,Price,99.11
3/17/2020,15 Y,Yield,0.0775
6/2/2020,15 Y,Yield,0.0775
12/01/20,15 Y,Price,107.61
7/1/2020,15 Y,Yield,0.076
7/2/2020,15 Y,Yield,0.076
3/30/2020,15 Y,Yield,0.0821
4/3/2020,15 Y,Yield,0.0821
5/8/2020,15 Y,Yield,0.0821
1/2/2020,15 Y,Yield,0.0745
11/13/20,15 Y,Yield,0.0684
5/4/2020,15 Y,Yield,0.0806
2/21/2020,15 Y,Price,104.52
9/2/2020,15 Y,Price,100.77
10/1/2020,15 Y,Price,100.77
5/12/2020,15 Y,Price,93.77
10/19/2020,15 Y,Price,102.02
1/22/2020,15 Y,Price,102.27
7/29/2020,15 Y,Price,102.27
4/17/2020,15 Y,Price,94.52
7/9/2020,15 Y,Price,99.52
4/23/2020,15 Y,Price,95.77
11/23/20,15 Y,Yield,0.0669
11/24/20,15 Y,Yield,0.0669
7/24/2020,15 Y,Yield,0.073
7/28/2020,15 Y,Yield,0.073
5/19/2020,15 Y,Yield,0.0791
2/5/2020,15 Y,Yield,0.0715
4/13/2020,15 Y,Yield,0.0822
4/14/2020,15 Y,Yield,0.0822
2/20/2020,15 Y,Price,104.43
3/9/2020,15 Y,Price,100.93
9/10/2020,15 Y,Price,100.93
4/7/2020,15 Y,Price,93.68
1/14/2020,15 Y,Price,101.68
1/20/2020,15 Y,Price,101.68
4/3/2020,15 Y,Price,93.93
5/27/2020,15 Y,Price,98.18
6/10/2020,15 Y,Price,98.43
8/7/2020,15 Y,Price,102.43
2/19/2020,15 Y,Yield,0.07
6/8/2020,15 Y,Yield,0.0761
6/29/2020,15 Y,Yield,0.0761
7/6/2020,15 Y,Yield,0.0761
1/6/2020,15 Y,Yield,0.0746
1/8/2020,15 Y,Yield,0.0746
1/10/2020,15 Y,Yield,0.0746
4/30/2020,15 Y,Yield,0.0807
5/15/2020,15 Y,Yield,0.0807
1/21/2020,15 Y,Yield,0.0731
8/27/2020,15 Y,Yield,0.0731
10/16/2020,15 Y,Yield,0.0731
3/23/2020,15 Y,Yield,0.0853
3/26/2020,15 Y,Price,92.09
7/17/2020,15 Y,Price,100.09
1/7/2020,15 Y,Price,100.59
4/13/2020,15 Y,Price,93.84
4/14/2020,15 Y,Price,93.84
8/11/2020,15 Y,Price,102.34
5/15/2020,15 Y,Price,95.09
6/24/2020,15 Y,Price,99.34
2/11/2020,15 Y,Price,103.84
11/2/2020,15 Y,Yield,0.0716
11/3/2020,15 Y,Yield,0.0716
11/4/2020,15 Y,Yield,0.0716
3/5/2020,15 Y,Yield,0.0701
6/23/2020,15 Y,Yield,0.0762
6/30/2020,15 Y,Yield,0.0762
7/3/2020,15 Y,Yield,0.0762
3/31/2020,15 Y,Yield,0.0823
4/1/2020,15 Y,Yield,0.0823
4/8/2020,15 Y,Yield,0.0823
5/12/2020,15 Y,Yield,0.0823
10/26/2020,15 Y,Price,103.1466
9/9/2020,20 Y,Price,100.75
9/17/2020,20 Y,Price,100.75
8/5/2020,20 Y,Price,101.25
2/4/2020,20 Y,Price,101.5
8/6/2020,20 Y,Price,101.5
4/23/2020,20 Y,Price,94.5
2/13/2020,20 Y,Price,102.5
2/18/2020,20 Y,Price,102.5
3/19/2020,20 Y,Price,94.75
6/22/2020,20 Y,Price,98.75
6/25/2020,20 Y,Price,99
7/10/2020,20 Y,Price,99.25
4/21/2020,20 Y,Yield,0.0808
5/15/2020,20 Y,Yield,0.0808
1/29/2020,20 Y,Yield,0.0732
1/31/2020,20 Y,Yield,0.0732
2/5/2020,20 Y,Yield,0.0732
3/6/2020,20 Y,Yield,0.0717
11/16/20,20 Y,Yield,0.0717
5/28/2020,20 Y,Yield,0.0778
5/13/2020,20 Y,Price,92.91
3/9/2020,20 Y,Price,100.91
2/5/2020,20 Y,Price,101.91
2/10/2020,20 Y,Price,102.16
8/24/2020,20 Y,Price,102.16
6/3/2020,20 Y,Price,99.66
11/19/20,20 Y,Yield,0.0702
11/20/20,20 Y,Yield,0.0702
11/23/20,20 Y,Yield,0.0702
6/22/2020,20 Y,Yield,0.0763
6/30/2020,20 Y,Yield,0.0763
7/2/2020,20 Y,Yield,0.0763
4/14/2020,20 Y,Yield,0.0824
9/23/2020,20 Y,Price,100.82
5/29/2020,20 Y,Price,97.07
8/7/2020,20 Y,Price,101.32
6/11/2020,20 Y,Price,98.07
4/27/2020,20 Y,Price,94.82
6/23/2020,20 Y,Price,98.82
6/26/2020,20 Y,Price,98.82
1/24/2020,20 Y,Price,102.82
8/19/2020,20 Y,Yield,0.0733
10/16/2020,20 Y,Yield,0.0733
11/5/2020,20 Y,Yield,0.0718
3/27/2020,20 Y,Yield,0.084
4/2/2020,20 Y,Yield,0.084
7/3/2020,20 Y,Yield,0.0764
7/6/2020,20 Y,Yield,0.0764
3/30/2020,20 Y,Price,92.23
3/31/2020,20 Y,Yield,0.0825
4/3/2020,20 Y,Yield,0.0825
4/7/2020,20 Y,Yield,0.0825
3/31/2020,20 Y,Price,92.73
1/17/2020,20 Y,Price,100.73
9/30/2020,20 Y,Price,100.73
10/9/2020,20 Y,Price,100.98
2/27/2020,20 Y,Price,101.23
7/29/2020,20 Y,Price,101.23
7/30/2020,20 Y,Price,101.23
10/15/2020,20 Y,Price,101.23
2/11/2020,20 Y,Price,102.23
6/18/2020,20 Y,Price,98.48
7/2/2020,20 Y,Price,98.73
4/24/2020,20 Y,Price,94.98
3/6/2020,20 Y,Price,103.48
3/5/2020,20 Y,Price,103.98
11/17/20,20 Y,Price,103.98
3/10/2020,20 Y,Yield,0.0749
12/02/20,20 Y,Yield,0.0688
12/03/20,20 Y,Yield,0.0688
4/29/2020,20 Y,Yield,0.081
5/4/2020,20 Y,Yield,0.081
10/27/2020,20 Y,Yield,0.072574
8/18/2020,20 Y,Yield,0.0734
8/27/2020,20 Y,Yield,0.0734
7/27/2020,20 Y,Price,100.89
11/23/20,20 Y,Price,105.14
4/29/2020,20 Y,Price,94.14
10/20/2020,20 Y,Price,102.14
12/01/20,20 Y,Price,106.14
7/6/2020,20 Y,Price,98.64
11/2/2020,20 Y,Price,102.64
3/23/2020,20 Y,Price,91.14
7/9/2020,20 Y,Price,99.14
1/2/2020,20 Y,Price,99.64
11/11/2020,20 Y,Yield,0.0719
5/29/2020,20 Y,Yield,0.078
6/17/2020,20 Y,Yield,0.0765
6/18/2020,20 Y,Yield,0.0765
6/4/2020,20 Y,Price,100.05
3/3/2020,20 Y,Yield,0.075
6/4/2020,20 Y,Yield,0.075
8/3/2020,20 Y,Price,101.3
5/5/2020,20 Y,Price,93.8
6/12/2020,20 Y,Price,98.3
6/17/2020,20 Y,Price,98.55
11/4/2020,20 Y,Price,102.8
7/14/2020,20 Y,Price,99.3
11/26/20,20 Y,Yield,0.0689
12/04/20,20 Y,Yield,0.0689
2/3/2020,20 Y,Yield,0.0735
8/12/2020,20 Y,Yield,0.0735
8/13/2020,20 Y,Yield,0.0735
3/13/2020,20 Y,Yield,0.0781
3/16/2020,20 Y,Yield,0.0781
11/10/2020,20 Y,Price,104.21
4/3/2020,20 Y,Price,92.71
5/11/2020,20 Y,Price,93.21
8/11/2020,20 Y,Price,101.21
5/27/2020,20 Y,Price,97.71
6/30/2020,20 Y,Price,98.71
5/18/2020,20 Y,Price,94.96
7/17/2020,20 Y,Price,99.71
11/18/20,20 Y,Yield,0.0705
10/27/2020,20 Y,Price,102.5045
4/9/2020,20 Y,Yield,0.0827
6/16/2020,20 Y,Yield,0.0766
6/19/2020,20 Y,Yield,0.0766
9/11/2020,20 Y,Yield,0.0751
2/4/2020,20 Y,Yield,0.0736
3/4/2020,20 Y,Yield,0.0736
8/6/2020,20 Y,Yield,0.0736
8/14/2020,20 Y,Yield,0.0736
9/4/2020,20 Y,Price,100.62
6/9/2020,20 Y,Price,98.12
4/21/2020,20 Y,Price,94.37
6/16/2020,20 Y,Price,98.37
6/19/2020,20 Y,Price,98.37
2/25/2020,20 Y,Price,102.37
12/03/20,20 Y,Price,106.62
10/21/2020,20 Y,Price,102.87
4/2/2020,20 Y,Price,91.37
10/26/2020,20 Y,Price,102.5467
3/23/2020,20 Y,Yield,0.0843
6/12/2020,20 Y,Yield,0.0767
9/21/2020,20 Y,Price,101.03
5/12/2020,20 Y,Price,93.28
4/20/2020,20 Y,Price,93.53
8/25/2020,20 Y,Price,102.03
10/19/2020,20 Y,Price,102.03
1/30/2020,20 Y,Price,102.28
2/26/2020,20 Y,Price,102.28
1/6/2020,20 Y,Price,99.28
11/27/20,20 Y,Yield,0.0691
1/3/2020,20 Y,Yield,0.0752
1/9/2020,20 Y,Yield,0.0752
1/22/2020,20 Y,Yield,0.0737
1/28/2020,20 Y,Yield,0.0737
8/10/2020,20 Y,Yield,0.0737
3/18/2020,20 Y,Price,96.19
1/13/2020,20 Y,Price,100.69
4/13/2020,20 Y,Price,92.94
3/13/2020,20 Y,Price,96.94
3/16/2020,20 Y,Price,96.94
9/10/2020,20 Y,Price,100.94
5/14/2020,20 Y,Price,93.69
8/18/2020,20 Y,Price,101.69
1/31/2020,20 Y,Price,101.94
11/3/2020,20 Y,Price,102.69
10/22/2020,20 Y,Price,102.94
7/13/2020,20 Y,Price,99.44
10/22/2020,20 Y,Yield,0.0722
11/13/20,20 Y,Yield,0.0722
11/30/20,20 Y,Yield,0.0692
12/01/20,20 Y,Yield,0.0692
4/1/2020,20 Y,Price,92.1
4/9/2020,20 Y,Price,92.6
9/8/2020,20 Y,Price,100.85
9/15/2020,20 Y,Price,100.85
8/26/2020,20 Y,Price,102.1
6/24/2020,20 Y,Price,99.1
11/9/2020,20 Y,Price,103.85
7/16/2020,20 Y,Yield,0.0753
7/17/2020,20 Y,Yield,0.0753
7/21/2020,20 Y,Yield,0.0753
5/5/2020,20 Y,Yield,0.0814
7/29/2020,20 Y,Yield,0.0738
7/30/2020,20 Y,Yield,0.0738
8/3/2020,20 Y,Yield,0.0738
8/5/2020,20 Y,Yield,0.0738
8/7/2020,20 Y,Yield,0.0738
10/15/2020,20 Y,Yield,0.0738
10/21/2020,20 Y,Yield,0.0723
11/4/2020,20 Y,Yield,0.0723
11/12/20,20 Y,Yield,0.0723
5/26/2020,20 Y,Price,96.51
1/20/2020,20 Y,Price,100.76
11/18/20,20 Y,Price,104.76
9/1/2020,20 Y,Price,101.01
10/7/2020,20 Y,Price,101.01
10/13/2020,20 Y,Price,101.01
3/26/2020,20 Y,Price,90.26
11/26/20,20 Y,Price,106.51
3/2/2020,20 Y,Price,99.01
7/16/2020,20 Y,Price,99.76
6/9/2020,20 Y,Yield,0.0769
6/11/2020,20 Y,Yield,0.0769
6/15/2020,20 Y,Yield,0.0769
1/2/2020,20 Y,Yield,0.0754
1/7/2020,20 Y,Yield,0.0754
1/8/2020,20 Y,Yield,0.0754
1/10/2020,20 Y,Yield,0.0754
6/3/2020,20 Y,Yield,0.0754
7/20/2020,20 Y,Yield,0.0754
5/14/2020,20 Y,Yield,0.0815
2/27/2020,20 Y,Yield,0.0739
7/24/2020,20 Y,Yield,0.0739
8/11/2020,20 Y,Yield,0.0739
8/28/2020,20 Y,Yield,0.0739
8/31/2020,20 Y,Yield,0.0739
7/22/2020,20 Y,Price,100.42
9/3/2020,20 Y,Price,100.67
4/6/2020,20 Y,Price,92.92
2/28/2020,20 Y,Price,100.92
8/28/2020,20 Y,Price,101.17
1/22/2020,20 Y,Price,101.42
1/28/2020,20 Y,Price,101.42
5/19/2020,20 Y,Yield,0.08
5/4/2020,20 Y,Price,94.17
1/27/2020,20 Y,Price,102.17
2/17/2020,20 Y,Price,102.42
11/16/20,20 Y,Price,103.42
5/26/2020,20 Y,Yield,0.0785
1/24/2020,20 Y,Yield,0.0724
10/23/2020,20 Y,Yield,0.0724
11/3/2020,20 Y,Yield,0.0724
3/30/2020,20 Y,Yield,0.0831
10/6/2020,20 Y,Price,101.08
8/10/2020,20 Y,Price,101.33
11/27/20,20 Y,Price,106.33
11/12/20,20 Y,Price,102.83
11/5/2020,20 Y,Price,103.33
8/4/2020,20 Y,Yield,0.074
9/21/2020,20 Y,Yield,0.074
10/6/2020,20 Y,Yield,0.074
10/14/2020,20 Y,Yield,0.074
4/24/2020,20 Y,Yield,0.0801
5/18/2020,20 Y,Yield,0.0801
1/15/2020,20 Y,Price,100.49
9/14/2020,20 Y,Price,100.74
10/12/2020,20 Y,Price,100.99
5/28/2020,20 Y,Price,97.24
3/24/2020,20 Y,Price,90.24
2/12/2020,20 Y,Yield,0.0725
2/21/2020,20 Y,Yield,0.0725
11/2/2020,20 Y,Yield,0.0725
2/24/2020,20 Y,Price,102.49
7/1/2020,20 Y,Price,98.99
3/12/2020,20 Y,Price,99.24
11/10/2020,20 Y,Yield,0.071
4/1/2020,20 Y,Yield,0.0832
4/20/2020,20 Y,Yield,0.0817
11/25/20,20 Y,Yield,0.0695
7/13/2020,20 Y,Yield,0.0756
7/15/2020,20 Y,Yield,0.0756
5/20/2020,20 Y,Price,96.15
3/10/2020,20 Y,Price,100.15
1/16/2020,20 Y,Price,100.65
9/2/2020,20 Y,Price,100.65
8/31/2020,20 Y,Price,101.15
2/6/2020,20 Y,Price,102.15
11/30/20,20 Y,Price,106.15
4/28/2020,20 Y,Price,94.4
7/15/2020,20 Y,Price,99.4
1/7/2020,20 Y,Price,99.65
1/8/2020,20 Y,Price,99.65
1/10/2020,20 Y,Price,99.65
1/21/2020,20 Y,Yield,0.0741
7/23/2020,20 Y,Yield,0.0741
9/1/2020,20 Y,Yield,0.0741
9/10/2020,20 Y,Yield,0.0741
9/29/2020,20 Y,Yield,0.0741
10/2/2020,20 Y,Yield,0.0741
10/7/2020,20 Y,Yield,0.0741
10/8/2020,20 Y,Yield,0.0741
10/9/2020,20 Y,Yield,0.0741
10/12/2020,20 Y,Yield,0.0741
10/13/2020,20 Y,Yield,0.0741
2/7/2020,20 Y,Yield,0.0726
2/19/2020,20 Y,Yield,0.0726
2/20/2020,20 Y,Yield,0.0726
9/7/2020,20 Y,Price,100.81
9/16/2020,20 Y,Price,100.81
6/10/2020,20 Y,Price,97.81
2/14/2020,20 Y,Price,102.31
6/29/2020,20 Y,Price,98.81
7/8/2020,20 Y,Price,99.06
1/9/2020,20 Y,Price,99.81
11/6/2020,20 Y,Price,103.81
6/10/2020,20 Y,Yield,0.0772
4/16/2020,20 Y,Yield,0.0818
4/17/2020,20 Y,Yield,0.0818
5/6/2020,20 Y,Yield,0.0818
1/6/2020,20 Y,Yield,0.0757
6/5/2020,20 Y,Yield,0.0757
7/14/2020,20 Y,Yield,0.0757
4/27/2020,20 Y,Yield,0.0803
2/28/2020,20 Y,Yield,0.0742
3/9/2020,20 Y,Yield,0.0742
7/27/2020,20 Y,Yield,0.0742
7/28/2020,20 Y,Yield,0.0742
9/7/2020,20 Y,Yield,0.0742
9/8/2020,20 Y,Yield,0.0742
9/15/2020,20 Y,Yield,0.0742
9/18/2020,20 Y,Yield,0.0742
9/22/2020,20 Y,Yield,0.0742
9/23/2020,20 Y,Yield,0.0742
10/5/2020,20 Y,Yield,0.0742
9/25/2020,20 Y,Price,100.72
4/15/2020,20 Y,Price,92.97
7/23/2020,20 Y,Price,100.97
8/27/2020,20 Y,Price,101.72
1/29/2020,20 Y,Price,101.97
10/23/2020,20 Y,Price,102.72
7/21/2020,20 Y,Price,99.72
2/13/2020,20 Y,Yield,0.0727
2/17/2020,20 Y,Yield,0.0727
2/18/2020,20 Y,Yield,0.0727
2/24/2020,20 Y,Yield,0.0727
5/27/2020,20 Y,Yield,0.0773
6/2/2020,20 Y,Yield,0.0773
11/17/20,20 Y,Yield,0.0712
4/14/2020,20 Y,Price,92.88
7/28/2020,20 Y,Price,100.88
10/5/2020,20 Y,Price,100.88
5/8/2020,20 Y,Price,93.13
5/6/2020,20 Y,Price,93.38
2/3/2020,20 Y,Price,101.63
8/12/2020,20 Y,Price,101.63
8/13/2020,20 Y,Price,101.63
11/25/20,20 Y,Price,105.88
5/15/2020,20 Y,Price,94.38
7/3/2020,20 Y,Price,98.63
5/19/2020,20 Y,Price,95.13
3/27/2020,20 Y,Price,91.38
7/20/2020,20 Y,Price,99.63
10/26/2020,20 Y,Yield,0.072534
3/12/2020,20 Y,Yield,0.0758
7/10/2020,20 Y,Yield,0.0758
5/12/2020,20 Y,Yield,0.0819
3/19/2020,20 Y,Yield,0.0804
4/30/2020,20 Y,Yield,0.0804
1/17/2020,20 Y,Yield,0.0743
1/20/2020,20 Y,Yield,0.0743
3/11/2020,20 Y,Yield,0.0743
9/9/2020,20 Y,Yield,0.0743
9/14/2020,20 Y,Yield,0.0743
9/16/2020,20 Y,Yield,0.0743
9/17/2020,20 Y,Yield,0.0743
9/24/2020,20 Y,Yield,0.0743
9/25/2020,20 Y,Yield,0.0743
9/28/2020,20 Y,Yield,0.0743
9/30/2020,20 Y,Yield,0.0743
10/1/2020,20 Y,Yield,0.0743
2/14/2020,20 Y,Yield,0.0728
2/25/2020,20 Y,Yield,0.0728
3/18/2020,20 Y,Yield,0.0789
5/20/2020,20 Y,Yield,0.0789
4/7/2020,20 Y,Price,92.79
9/28/2020,20 Y,Price,100.79
10/1/2020,20 Y,Price,100.79
1/23/2020,20 Y,Price,102.04
2/7/2020,20 Y,Price,102.54
12/04/20,20 Y,Price,106.54
7/7/2020,20 Y,Price,99.04
3/20/2020,20 Y,Price,91.54
3/5/2020,20 Y,Yield,0.0713
6/24/2020,20 Y,Yield,0.0759
7/9/2020,20 Y,Yield,0.0759
5/11/2020,20 Y,Yield,0.082
9/29/2020,20 Y,Price,100.95
10/2/2020,20 Y,Price,100.95
10/8/2020,20 Y,Price,100.95
4/16/2020,20 Y,Price,93.45
4/17/2020,20 Y,Price,93.45
8/14/2020,20 Y,Price,101.45
2/12/2020,20 Y,Price,102.7
2/21/2020,20 Y,Price,102.7
11/13/20,20 Y,Price,102.95
9/11/2020,20 Y,Price,99.95
1/13/2020,20 Y,Yield,0.0744
1/16/2020,20 Y,Yield,0.0744
9/2/2020,20 Y,Yield,0.0744
9/3/2020,20 Y,Yield,0.0744
9/4/2020,20 Y,Yield,0.0744
4/22/2020,20 Y,Yield,0.0805
3/17/2020,20 Y,Yield,0.079
1/30/2020,20 Y,Yield,0.0729
2/11/2020,20 Y,Yield,0.0729
2/26/2020,20 Y,Yield,0.0729
11/6/2020,20 Y,Yield,0.0714
11/9/2020,20 Y,Yield,0.0714
9/22/2020,20 Y,Price,100.86
4/8/2020,20 Y,Price,93.11
8/4/2020,20 Y,Price,101.11
6/15/2020,20 Y,Price,98.11
12/02/20,20 Y,Price,106.61
6/5/2020,20 Y,Price,99.36
1/3/2020,20 Y,Price,99.86
11/24/20,20 Y,Yield,0.0699
3/2/2020,20 Y,Yield,0.076
6/25/2020,20 Y,Yield,0.076
7/1/2020,20 Y,Yield,0.076
7/7/2020,20 Y,Yield,0.076
7/8/2020,20 Y,Yield,0.076
4/8/2020,20 Y,Yield,0.0821
5/8/2020,20 Y,Yield,0.0821
1/14/2020,20 Y,Yield,0.0745
4/23/2020,20 Y,Yield,0.0806
3/17/2020,20 Y,Price,96.02
3/11/2020,20 Y,Price,100.77
9/24/2020,20 Y,Price,100.77
3/4/2020,20 Y,Price,101.52
10/16/2020,20 Y,Price,101.77
2/20/2020,20 Y,Price,102.52
11/11/2020,20 Y,Price,103.27
1/27/2020,20 Y,Yield,0.073
2/6/2020,20 Y,Yield,0.073
2/10/2020,20 Y,Yield,0.073
8/24/2020,20 Y,Yield,0.073
8/26/2020,20 Y,Yield,0.073
10/20/2020,20 Y,Yield,0.073
1/21/2020,20 Y,Price,100.93
7/24/2020,20 Y,Price,101.18
11/24/20,20 Y,Price,105.43
6/2/2020,20 Y,Price,97.68
4/30/2020,20 Y,Price,94.68
6/8/2020,20 Y,Price,98.93
6/8/2020,20 Y,Yield,0.0761
1/15/2020,20 Y,Yield,0.0746
7/22/2020,20 Y,Yield,0.0746
4/28/2020,20 Y,Yield,0.0807
1/23/2020,20 Y,Yield,0.0731
8/25/2020,20 Y,Yield,0.0731
10/19/2020,20 Y,Yield,0.0731
3/24/2020,20 Y,Yield,0.0853
3/26/2020,20 Y,Yield,0.0853
3/3/2020,20 Y,Price,100.09
1/14/2020,20 Y,Price,100.59
9/18/2020,20 Y,Price,100.84
10/14/2020,20 Y,Price,101.09
11/19/20,20 Y,Price,105.09
11/20/20,20 Y,Price,105.09
8/19/2020,20 Y,Price,101.84
4/22/2020,20 Y,Price,94.59
2/19/2020,20 Y,Price,102.59
3/20/2020,20 Y,Yield,0.0838
6/23/2020,20 Y,Yield,0.0762
6/26/2020,20 Y,Yield,0.0762
6/29/2020,20 Y,Yield,0.0762
4/6/2020,20 Y,Yield,0.0823
4/13/2020,20 Y,Yield,0.0823
4/15/2020,20 Y,Yield,0.0823
5/13/2020,20 Y,Yield,0.0823
