Dates,IHSG,KLCI,STI,SET,PSEI,SHANGHAI,HANGSENG,NIKKEI,KOSPI,SENSEX,DOW_JONES,S_P500,NASDAQ,FTSE,DAX,CAC
2019-01-01,6194,1690.58,3068.76,1563.88,7466.02,2494,25845.7,20014.77,2041.04,36254.57,23327.46,2506.85,6635.28,6728.13,10558.96,4730.69
2019-01-02,6181,1668.11,3038.89,1565.94,7489.2,2465,25130.35,20014.77,2010,35891.52,23346.24,2510.03,6665.94,6734.23,10580.19,4689.39
2019-01-03,6221.01,1675.83,3012.88,1560.03,7680.6,2464,25064.36,20014.77,1993.7,35513.71,22686.22,2447.89,6463.5,6692.66,10416.66,4611.49
2019-01-04,6274.54,1669.78,3059.23,1575.13,7761.11,2515,25626.03,19561.96,2010.25,35695.1,23433.16,2531.94,6738.86,6837.42,10767.69,4737.12
2019-01-07,6287,1679.17,3102.8,1592.72,7787.66,2533,25835.7,20038.97,2037.1,35850.16,23531.35,2549.69,6823.47,6810.88,10747.81,4719.17
2019-01-08,6263,1672.76,3122.94,1594,7702.12,2526,25875.45,20204.04,2025.27,35980.93,23787.45,2574.41,6897,6861.6,10803.98,4773.27
2019-01-09,6272,1667.83,3158.07,1590.5,7919.67,2544,26462.32,20427.06,2064.71,36212.91,23879.12,2584.96,6957.08,6906.63,10893.32,4813.58
2019-01-10,6329,1678.88,3183.51,1587.63,7985.23,2535,26521.43,20163.8,2063.28,36106.5,24001.92,2596.64,6986.07,6942.87,10921.59,4805.66
2019-01-11,6361,1683.22,3198.65,1597.04,7904.09,2554,26667.27,20359.7,2075.57,36009.84,23995.95,2596.26,6971.48,6918.18,10887.46,4781.34
2019-01-14,6336,1676.16,3173.46,1582.57,8024.14,2536,26298.33,20359.7,2064.52,35853.56,23909.84,2582.61,6905.92,6855.02,10855.91,4762.75
2019-01-15,6409,1679.42,3212.3,1577,8013.42,2570,26830.29,20555.29,2097.18,36318.33,24065.59,2610.3,7023.83,6895.02,10891.79,4786.17
2019-01-16,6413.36,1673.08,3229.11,1577.41,7864.7,2570,26902.1,20442.75,2106.1,36321.29,24207.16,2616.1,7034.69,6862.68,10931.24,4810.74
2019-01-17,6423.78,1682.97,3214.44,1580.3,7927.2,2560,26755.63,20402.27,2107.06,36374.08,24370.1,2635.96,7084.46,6834.92,10918.62,4794.37
2019-01-18,6448,1692.22,3224.34,1583.77,8047.12,2596,27090.81,20666.07,2124.28,36386.61,24706.35,2670.71,7157.23,6968.33,11205.54,4875.93
2019-01-21,6451,1692.22,3220.56,1588.38,8007.46,2610.51,27196.54,20719.33,2124.61,36578.96,24706.35,2670.71,7157.23,6970.59,11136.2,4867.78
2019-01-22,6469,1702.12,3192.71,1601.77,8008.67,2580,27005.45,20622.91,2117.77,36444.64,24404.48,2632.9,7020.36,6901.39,11090.11,4847.53
2019-01-23,6451.17,1688.14,3171.11,1617.38,7989.65,2581,27008.2,20593.72,2127.78,36108.47,24575.62,2638.7,7025.77,6842.88,11071.54,4840.38
2019-01-24,6467,1693.59,3190.73,1620.53,8064.9,2592,27120.98,20574.63,2145.03,36195.1,24553.24,2642.33,7073.46,6818.95,11130.18,4871.96
2019-01-25,6483,1701.03,3202.25,1623.62,8053.2,2602,27569.19,20773.56,2177.73,36025.54,24737.2,2664.76,7164.86,6809.22,11281.79,4925.82
2019-01-28,6459,1697.5,3199.5,1625.03,8053.92,2597,27576.96,20649,2177.3,35656.7,24528.22,2643.85,7085.69,6747.1,11210.31,4888.58
2019-01-29,6436.48,1690.41,3187.69,1624.05,8050.82,2594,27531.68,20664.64,2183.36,35592.5,24579.96,2640,7028.29,6833.93,11218.83,4928.18
2019-01-30,6464,1684.11,3174.38,1632.6,7979.95,2576,27642.85,20556.54,2206.2,35591.25,25014.86,2681.05,7183.08,6941.63,11181.66,4974.76
2019-01-31,6533,1683.53,3190.17,1641.73,8007.48,2585,27942.47,20773.49,2204.85,36256.69,24999.67,2704.1,7281.74,6968.85,11173.1,4992.72
2019-02-01,6539,1683.53,3188.68,1651.4,8144.16,2618,27930.74,20788.39,2203.46,36469.43,25063.89,2706.53,7263.87,7020.22,11180.66,5019.26
2019-02-04,6481,1683.61,3184.56,1653.62,8069.48,2618,27990.21,20883.77,2203.46,36582.74,25239.37,2724.87,7347.54,7034.13,11176.58,5000.19
2019-02-05,6481,1683.61,3184.56,1653.09,8069.48,2618,27990.21,20844.45,2203.46,36616.81,25411.52,2737.7,7402.08,7177.37,11367.98,5083.34
2019-02-06,6548,1683.61,3184.56,1658.71,8058.45,2618,27990.21,20874.06,2203.46,36975.23,25390.3,2731.61,7375.28,7173.09,11324.72,5079.05
2019-02-07,6536,1693.39,3200.64,1653.11,8100.3,2618,27990.21,20751.28,2203.42,36971.09,25169.53,2706.05,7288.35,7093.58,11022.02,4985.56
2019-02-08,6522,1686.52,3202.04,1651.68,8070.89,2618,27946.32,20333.17,2177.05,36546.48,25106.33,2707.88,7298.2,7071.18,10906.78,4961.64
2019-02-11,6495,1688.56,3206.27,1638,8061.54,2654,28143.84,20333.17,2180.73,36395.03,25053.11,2709.8,7307.91,7129.11,11014.59,5014.47
2019-02-12,6426,1687.41,3201.15,1642.49,8009.92,2672,28171.33,20864.21,2190.47,36153.62,25425.76,2744.73,7414.62,7133.14,11126.08,5056.35
2019-02-13,6419,1685.3,3244.77,1655.73,7920.24,2721,28497.59,21144.48,2201.48,36034.11,25543.27,2753.03,7420.38,7190.84,11167.22,5074.27
2019-02-14,6420,1689.06,3253.16,1652.64,7991.25,2719.7,28432.05,21139.71,2225.85,35876.22,25439.39,2745.73,7426.96,7197.01,11089.79,5062.52
2019-02-15,6389,1688.83,3239.74,1636.94,7908.89,2682,27900.84,20900.63,2196.09,35808.95,25883.25,2775.6,7472.41,7236.68,11299.8,5153.19
2019-02-18,6498,1692.74,3265.97,1635.71,7971.33,2754,28347.01,21281.85,2210.89,35498.44,25883.25,2775.6,7472.41,7219.47,11299.2,5168.54
2019-02-19,6495,1706.56,3259.8,1635.71,7833.75,2756,28228.13,21302.65,2205.63,35352.61,25891.32,2779.76,7486.77,7179.17,11309.21,5160.52
2019-02-20,6513,1726.18,3278.38,1645.38,7939.24,2761,28514.05,21431.49,2229.76,35756.26,25954.44,2784.7,7489.07,7228.62,11401.97,5195.95
2019-02-21,6538,1730.68,3277.91,1647.32,7931.3,2752,28629.92,21464.23,2228.66,35898.35,25850.63,2774.88,7459.71,7167.39,11423.28,5196.11
2019-02-22,6501,1721.42,3269.9,1659.2,7962.13,2804,28816.3,21425.51,2230.5,35871.48,26031.81,2792.67,7527.55,7178.6,11457.7,5215.85
2019-02-25,6525,1724.58,3272.35,1671.75,7962.13,2961,28959.3,21528.23,2232.56,36213.38,26091.95,2796.11,7554.46,7183.74,11505.39,5231.85
2019-02-26,6540.95,1719,3261.66,1663.56,7988.16,2942,28772.06,21449.39,2226.6,35973.71,26057.98,2793.9,7549.3,7151.12,11540.79,5238.72
2019-02-27,6526,1713.45,3250.02,1665.27,7889.12,2954,28757.44,21556.51,2234.79,35905.43,25985.16,2792.38,7554.51,7107.2,11487.33,5225.35
2019-02-28,6443,1707.73,3212.69,1653.48,7705.49,2941,28633.18,21385.16,2195.44,35867.44,25916,2784.49,7532.53,7074.73,11515.64,5240.53
2019-03-01,6500,1700.76,3220.4,1641.44,7641.77,2994,28812.17,21602.69,2195.44,36063.81,26026.32,2803.69,7595.35,7106.73,11601.68,5265.19
2019-03-04,6488.42,1693.99,3251.08,1635.3,7675.47,3028,28959.59,21822.04,2190.66,36063.81,25819.65,2792.81,7577.57,7134.39,11592.66,5286.57
2019-03-05,6441.28,1685.62,3234.07,1639,7670.62,3054,28961.6,21726.28,2179.23,36442.54,25806.63,2789.65,7576.36,7183.43,11620.74,5297.52
2019-03-06,6458,1686.82,3222.84,1625.51,7821.34,3102,29037.6,21596.81,2175.6,36636.1,25673.46,2771.45,7505.92,7196,11587.63,5288.81
2019-03-07,6458,1686.95,3229.48,1633.21,7881.79,3106,28779.45,21456.01,2165.79,36725.42,25473.23,2748.93,7421.46,7157.55,11517.8,5267.92
2019-03-08,6383,1679.9,3195.87,1630.12,7797.11,2970,28228.42,21025.56,2137.44,36671.43,25450.24,2743.07,7408.14,7104.31,11457.84,5231.22
2019-03-11,6366,1664.63,3191.42,1627.43,7708.72,3027,28503.3,21125.09,2138.1,37054.1,25650.88,2783.3,7558.06,7130.62,11543.48,5265.96
2019-03-12,6354,1671.28,3212.25,1627.59,7747.54,3060,28920.87,21503.69,2157.18,37535.66,25554.66,2791.52,7591.03,7151.15,11524.17,5270.25
2019-03-13,6378,1678.24,3195.59,1639.67,7766.15,3027,28807.45,21290.24,2148.41,37752.17,25702.89,2810.92,7643.41,7159.19,11572.41,5306.38
2019-03-14,6413,1674.52,3197.92,1635.88,7750.42,2991,28851.39,21287.02,2155.68,37754.89,25709.94,2808.48,7630.91,7185.43,11587.47,5349.78
2019-03-15,6461,1680.54,3200.18,1625.57,7798.28,3022,29012.26,21450.85,2176.11,38024.32,25848.87,2822.48,7688.53,7228.28,11685.69,5405.32
2019-03-18,6509,1690.94,3212.96,1617.57,7873.02,3096,29409.01,21584.5,2179.49,38095.07,25914.1,2832.94,7714.48,7299.19,11657.06,5412.83
2019-03-19,6480,1687.68,3220.92,1630.09,7843.41,3091,29466.28,21566.85,2177.62,38363.47,25887.38,2832.57,7723.95,7324,11788.41,5425.9
2019-03-20,6482.71,1684.21,3207.66,1627.62,7858.2,3090.64,29320.97,21608.92,2177.1,38386.75,25745.67,2824.23,7728.97,7291.01,11603.89,5382.66
2019-03-21,6502,1663.66,3213.65,1634,7954.72,3101,29071.56,21608.92,2184.88,38386.75,25962.51,2854.88,7838.96,7355.31,11549.96,5378.85
2019-03-22,6525,1666.66,3212.1,1646.29,8013.42,3104,29113.36,21627.34,2186.95,38164.61,25502.32,2800.71,7642.67,7207.59,11364.17,5269.92
2019-03-25,6411,1649.15,3182.92,1625.91,7863.02,3043,28523.35,20977.11,2144.86,37808.91,25516.83,2798.36,7637.54,7177.58,11346.65,5260.64
2019-03-26,6470,1649.94,3200.28,1632.32,7907.03,2997,28566.91,21428.39,2148.8,38233.41,25657.73,2818.46,7691.52,7196.29,11419.48,5307.38
2019-03-27,6445,1642.73,3198.39,1629.4,7861.05,3023,28728.25,21378.73,2145.62,38132.88,25625.59,2805.37,7643.38,7194.19,11419.04,5301.24
2019-03-28,6481,1641.33,3203.58,1634.25,7876.4,2995,28775.21,21033.76,2128.1,38545.72,25717.46,2815.44,7669.17,7234.33,11428.16,5296.54
2019-03-29,6469,1643.63,3212.88,1638.65,7920.93,3091,29051.36,21205.81,2140.67,38672.91,25928.68,2834.4,7729.32,7279.19,11526.04,5350.53
2019-04-01,6453,1628.66,3250.51,1644.64,7840.31,3170,29562.02,21509.03,2168.28,38871.87,26258.42,2867.19,7828.91,7317.38,11681.99,5405.53
2019-04-02,6476,1632.83,3279.78,1651.48,7879.21,3177,29624.67,21505.31,2177.18,39056.65,26179.13,2867.24,7848.69,7391.12,11754.79,5423.47
2019-04-03,6476,1643.21,3311.27,1649.06,7895.06,3216,29986.39,21713.21,2203.27,38877.12,26218.13,2873.4,7895.55,7418.28,11954.4,5468.91
2019-04-04,6494.63,1645.07,3316.21,1644.22,7854.13,3247,29936.32,21724.95,2206.53,38684.72,26384.63,2879.39,7891.78,7401.94,11988.01,5463.8
2019-04-05,6474,1641.81,3322.64,1646.18,7873.18,3247,29936.32,21807.5,2209.61,38862.23,26424.99,2892.74,7938.69,7446.87,12009.75,5476.2
2019-04-08,6426,1644.35,3315.42,1646.18,7915.63,3244.81,30077.15,21761.65,2210.6,38700.53,26341.02,2895.77,7953.88,7451.89,11963.4,5471.78
2019-04-09,6484,1641.94,3325.6,1657.74,7915.63,3240,30157.49,21802.59,2213.56,38939.22,26150.58,2878.2,7909.28,7425.57,11850.57,5436.42
2019-04-10,6478,1639.46,3327.65,1662.13,8008.53,3241.93,30119.56,21687.57,2224.39,38585.35,26157.16,2888.21,7964.24,7421.91,11905.91,5449.88
2019-04-11,6410,1624.23,3330.82,1659.09,7955.8,3190,29839.45,21711.38,2224.44,38607.01,26143.05,2888.32,7947.36,7417.95,11935.2,5485.72
2019-04-12,6406,1630.17,3331.98,1660.45,7880.82,3189,29909.76,21870.56,2233.45,38767.11,26412.3,2907.41,7984.16,7437.06,11999.93,5502.7
2019-04-15,6435,1631.33,3325.86,1660.45,7787.98,3178,29810.72,22169.11,2242.88,38905.84,26384.77,2905.58,7976.01,7436.87,12020.28,5508.73
2019-04-16,6482,1629.46,3332.04,1660.45,7826.46,3254,30129.87,22221.66,2248.63,39275.64,26452.66,2907.06,8000.23,7469.92,12101.32,5528.67
2019-04-17,6482,1620.9,3348.64,1673.2,7835.15,3263,30124.68,22277.97,2245.89,39275.64,26449.54,2900.45,7996.08,7471.32,12153.07,5563.09
2019-04-18,6507,1619.73,3347.58,1675,7835.15,3250,29963.26,22090.12,2213.77,39140.28,26559.54,2905.03,7998.06,7459.88,12222.39,5580.38
2019-04-19,6507,1622.07,3347.58,1674.1,7835.15,3271,29963.26,22200.56,2216.15,39140.28,26559.54,2905.03,7998.06,7459.88,12222.39,5580.38
2019-04-22,6415,1622.06,3357.7,1673.48,7832.43,3215,29963.26,22217.9,2216.65,38645.18,26511.05,2907.97,8015.27,7459.88,12222.39,5580.38
2019-04-23,6463,1627.44,3353.47,1671.31,7818.93,3199,29963.24,22259.74,2220.51,38564.88,26656.39,2933.68,8120.82,7523.07,12235.51,5591.69
2019-04-24,6448,1638.01,3362.43,1673.43,7846.99,3202,29805.83,22200,2201.03,39054.68,26597.05,2927.25,8102.02,7471.75,12313.16,5576.06
2019-04-25,6373,1635.68,3350.28,1673.32,7894.45,3124,29549.8,22307.58,2190.5,38730.86,26462.08,2926.17,8106.29,7434.13,12282.6,5557.67
2019-04-26,6401.08,1638.38,3356.95,1667.15,7868.28,3086,29605.01,22258.73,2179.31,39067.33,26543.33,2939.88,8133.96,7428.19,12315.18,5569.36
2019-04-29,6426,1637.4,3407.02,1666.68,7897.02,3062,29892.81,22258.73,2216.43,39067.33,26554.39,2943.03,8149.39,7440.66,12328.02,5580.98
2019-04-30,6455,1642.29,3400.2,1673.52,7952.72,3078,29699.11,22258.73,2203.59,39031.55,26592.91,2945.83,8095.39,7418.22,12344.08,5586.41
2019-05-01,6455,1642.29,3400.2,1673.52,7952.72,3078,29699.11,22258.73,2203.59,39031.55,26430.14,2923.73,8049.64,7385.26,12344.08,5586.41
2019-05-02,6374,1632.24,3393.33,1679.17,8001.57,3078,29944.18,22258.73,2212.75,38981.43,26307.79,2917.52,8036.77,7351.31,12345.42,5538.86
2019-05-03,6319,1637.3,3392.29,1679.05,7967.98,3078,30081.55,22258.73,2196.32,38963.26,26504.95,2945.64,8164,7380.64,12412.75,5548.84
2019-05-06,6256,1632.8,3290.62,1679.05,7862.3,2906,29209.82,22258.73,2196.32,38600.34,26438.48,2932.47,8123.29,7380.64,12286.88,5483.52
2019-05-07,6297,1639.37,3312.52,1669.68,7910.63,2926,29363.02,21923.72,2176.99,38276.63,25965.09,2884.05,7963.76,7260.47,12092.74,5395.75
2019-05-08,6270,1633.55,3283.84,1654.01,7926.69,2894,29003.2,21602.59,2168.01,37789.13,25967.33,2879.42,7943.32,7271,12179.93,5417.59
2019-05-09,6199,1618.53,3269.7,1646.8,7755.62,2851,28311.07,21402.13,2102.01,37558.91,25828.36,2870.72,7910.59,7207.41,11973.92,5313.16
2019-05-10,6209,1610.27,3273.5,1648.69,7742.2,2939,28550.24,21344.92,2108.04,37462.99,25942.37,2881.4,7916.94,7203.29,12059.83,5327.44
2019-05-13,6135,1601.09,3234.28,1640.13,7742.2,2904,28550.24,21191.28,2079.01,37090.82,25324.99,2811.87,7647.02,7163.68,11876.65,5262.57
2019-05-14,6071,1599.19,3223.71,1633.84,7646.66,2884,28122.02,21067.23,2081.84,37318.53,25532.05,2834.41,7734.49,7241.6,11991.62,5341.35
2019-05-15,5981,1611.43,3218.77,1621.27,7576.71,2939,28268.71,21188.56,2092.78,37114.88,25648.02,2850.96,7822.15,7296.95,12099.57,5374.26
2019-05-16,5896,1599.19,3230.26,1614.75,7475.16,2956,28275.07,21062.98,2067.69,37393.48,25862.68,2876.32,7898.05,7353.51,12310.37,5448.11
2019-05-17,5827,1605.36,3205.46,1608.11,7583.82,2882,27946.46,21250.09,2055.8,37930.77,25764,2859.53,7816.29,7348.62,12238.94,5438.23
2019-05-20,5907,1605.36,3205.46,1608.11,7660.14,2871,27787.61,21301.73,2055.71,39352.67,25679.9,2840.23,7702.38,7310.88,12041.29,5358.59
2019-05-21,5951,1603.74,3183.26,1610.49,7721.56,2906,27657.24,21272.45,2061.25,38969.8,25877.33,2864.36,7785.72,7328.92,12143.47,5385.46
2019-05-22,5940,1603.74,3183.14,1626.91,7815.07,2892,27705.94,21283.37,2064.86,39110.21,25776.61,2856.27,7750.84,7334.19,12168.74,5378.98
2019-05-23,6033,1601.87,3160.72,1609.79,7804.03,2853,27267.13,21151.14,2059.59,38811.39,25490.47,2822.24,7628.28,7231.04,11952.41,5281.37
2019-05-24,6057,1598.32,3169.89,1614.12,7747.09,2853,27353.93,21117.22,2045.31,39434.72,25585.69,2826.06,7637.01,7277.73,12011.04,5316.51
2019-05-27,6099,1601.35,3170.77,1624.84,7725.01,2892,27288.09,21182.58,2044.21,39683.29,25585.69,2826.06,7637.01,7277.73,12071.18,5336.19
2019-05-28,6033,1614.57,3165.32,1632.04,7761.29,2910,27390.81,21260.14,2048.83,39749.73,25347.77,2802.39,7607.35,7268.95,12027.05,5312.69
2019-05-29,6104,1623.67,3163.28,1619.36,7797.75,2915,27235.71,21003.37,2023.32,39502.05,25126.41,2783.02,7547.31,7185.3,11837.81,5222.12
2019-05-30,6104,1636.5,3143,1621.57,7836.55,2906,27114.88,20942.53,2038.8,39831.97,25169.88,2788.86,7567.72,7218.16,11902.08,5248.91
2019-05-31,6209,1650.76,3117.76,1620.22,7970.02,2899,26901.09,20601.19,2041.74,39714.2,24815.04,2752.06,7453.15,7161.71,11726.84,5207.63
2019-06-03,6209,1655.31,3123.46,1620.22,8084.88,2890,26893.86,20410.88,2067.85,40267.62,24819.78,2744.45,7333.02,7184.8,11792.81,5241.46
2019-06-04,6209,1644.09,3142.37,1637.69,7945.37,2862.28,26761.52,20408.54,2066.97,40083.54,25332.18,2803.27,7527.12,7214.29,11971.17,5268.26
2019-06-05,6209,1644.09,3142.37,1648.46,7945.37,2861,26895.44,20776.1,2069.11,40083.54,25539.57,2826.15,7575.48,7220.22,11980.81,5292
2019-06-06,6209,1644.09,3146.18,1653.41,7959.86,2828,26965.28,20774.04,2069.11,39529.72,25720.66,2843.49,7615.55,7259.85,11953.14,5278.43
2019-06-07,6209,1649.33,3166.29,1653.5,7983.98,2828,26965.28,20884.71,2072.33,39615.9,25983.94,2873.34,7742.1,7331.94,12045.38,5364.05
2019-06-10,6289.61,1655.47,3188.11,1664.73,8045.39,2852.13,27578.64,21134.42,2099.49,39784.52,26062.68,2886.73,7823.17,7375.54,12045.38,5382.5
2019-06-11,6306,1651.2,3209.58,1670.41,8030.98,2926,27789.34,21204.28,2111.81,39950.46,26048.51,2885.72,7822.57,7398.45,12155.81,5408.45
2019-06-12,6276,1650.74,3207.74,1671.11,8030.98,2909.38,27308.46,21129.72,2108.75,39756.81,26004.83,2879.84,7792.72,7367.62,12115.68,5374.92
2019-06-13,6273,1643.74,3220.66,1674.14,8051.76,2910.74,27294.71,21032,2103.15,39741.36,26106.77,2891.64,7837.13,7368.57,12169.05,5375.63
2019-06-14,6250,1638.63,3222.63,1672.33,7990.2,2882,27118.35,21116.89,2095.41,39452.07,26089.61,2886.98,7796.66,7345.78,12096.4,5367.62
2019-06-17,6191,1638.4,3207.99,1667.23,7908.99,2888,27227.16,21124,2090.73,38960.79,26112.53,2889.67,7845.02,7357.31,12085.82,5390.95
2019-06-18,6257.33,1652.76,3238.73,1683.6,7922.04,2890,27498.77,20972.71,2098.71,39046.34,26465.54,2917.75,7953.88,7443.04,12331.75,5509.73
2019-06-20,6336,1675.43,3314.51,1717.82,8022.42,2987,28550.43,21462.86,2131.29,39601.63,26753.17,2954.18,8051.34,7424.44,12355.39,5535.57
2019-06-21,6315,1682.23,3321.4,1717.14,8055.47,3001.98,28473.71,21258.64,2125.62,39194.49,26719.13,2950.46,8031.71,7407.5,12339.92,5528.33
2019-06-24,6288,1676.13,3311.53,1716,8060.58,3008,28513,21285.99,2126.33,39122.96,26727.54,2945.35,8005.7,7416.69,12274.57,5521.71
2019-06-25,6320,1676.61,3304.27,1721.33,8034.09,2982,28185.98,21193.81,2121.64,39434.94,26548.22,2917.38,7884.72,7422.43,12228.44,5514.57
2019-06-26,6310,1674.49,3301.25,1722.21,8013.57,2976,28221.98,21086.59,2121.85,39592.08,26536.82,2913.78,7909.97,7416.39,12245.32,5500.72
2019-06-27,6352.71,1672.7,3328.6,1731.64,8057.64,2997,28621.42,21338.17,2134.32,39586.41,26526.58,2924.92,7967.76,7402.33,12271.03,5493.61
2019-06-28,6359,1672.13,3321.61,1730.34,7999.71,2979,28542.62,21275.92,2130.62,39394.64,26599.96,2941.76,8006.24,7425.63,12398.8,5538.97
2019-07-01,6380,1683.62,3372.26,1740.91,8043.71,3045,28542.62,21729.97,2129.74,39686.5,26717.43,2964.33,8091.16,7497.5,12521.38,5567.91
2019-07-02,6385,1691,3370.8,1732.23,8093.6,3044,28875.56,21754.27,2122.02,39816.48,26786.68,2973.01,8109.09,7559.19,12526.72,5576.82
2019-07-03,6363,1690.05,3367.8,1738.51,8092.68,3015,28855.14,21638.16,2096.02,39839.25,26966,2995.82,8170.23,7609.32,12616.24,5618.81
2019-07-04,6376,1687.48,3372.25,1724.37,8064.92,3005,28795.77,21702.45,2108.73,39908.06,26966,2995.82,8170.23,7603.58,12629.9,5620.73
2019-07-05,6373,1682.53,3366.81,1731.23,8117.94,3011,28774.83,21746.38,2110.59,39513.39,26922.12,2990.41,8161.79,7553.14,12568.53,5593.72
2019-07-08,6352,1677.64,3334.23,1731.03,8051.52,2933,28331.69,21534.35,2064.17,38720.57,26806.14,2975.95,8098.38,7549.27,12543.51,5589.19
2019-07-09,6388,1682.87,3329.46,1721.48,8042.04,2928,28116.28,21565.15,2052.03,38730.82,26783.49,2979.63,8141.73,7536.47,12436.55,5572.1
2019-07-10,6411,1678.97,3340.42,1739.43,8078.21,2915,28204.69,21533.48,2058.78,38557.04,26860.2,2993.07,8202.53,7530.69,12373.41,5567.59
2019-07-11,6417,1679.26,3350.45,1740.45,8154.49,2918,28431.8,21643.53,2080.58,38823.11,27088.08,2999.91,8196.04,7509.82,12332.12,5551.95
2019-07-12,6373,1669.45,3357.34,1731.59,8141.82,2931,28471.62,21685.9,2086.66,38736.23,27332.03,3013.77,8244.15,7505.97,12323.32,5572.86
2019-07-15,6418,1672.37,3347.95,1727.98,8365.29,2942,28554.88,21685.9,2082.48,38896.71,27359.16,3014.3,8258.19,7531.72,12387.34,5578.21
2019-07-16,6401.88,1668.94,3360.03,1727.98,8263.57,2938,28619.62,21535.25,2091.87,39131.04,27335.63,3004.04,8222.8,7577.2,12430.97,5614.38
2019-07-17,6395,1657.53,3364.87,1718.85,8233.48,2932,28593.17,21469.18,2072.92,39215.64,27219.85,2984.42,8185.21,7535.46,12341.03,5571.71
2019-07-18,6403,1648.93,3361.05,1723.44,8258.05,2901,28461.66,21046.24,2066.55,38897.46,27222.97,2995.11,8207.24,7493.09,12227.85,5550.55
2019-07-19,6457,1658.19,3377.96,1735.1,8270.07,2924,28765.4,21466.99,2094.36,38337.01,27154.2,2976.61,8146.49,7508.7,12260.07,5552.34
2019-07-22,6434,1655.4,3357.22,1727.58,8246.83,2887,28371.26,21416.79,2093.34,38031.13,27171.9,2985.03,8204.14,7514.93,12289.4,5567.02
2019-07-23,6403.81,1655.67,3373.13,1724.87,8251.46,2900,28466.48,21620.88,2101.45,37982.74,27349.19,3005.47,8251.4,7556.86,12490.74,5618.16
2019-07-24,6385,1652.41,3368.44,1725.44,8161.49,2923,28524.04,21709.57,2082.3,37847.65,27269.97,3019.56,8321.5,7501.46,12522.89,5605.87
2019-07-25,6401,1656.58,3381.26,1730.9,8272.18,2937.36,28594.3,21756.55,2074.48,37830.98,27140.98,3003.67,8238.54,7489.05,12362.1,5578.05
2019-07-26,6325,1647.96,3363.76,1717.97,8183.99,2945,28397.74,21658.15,2066.26,37882.79,27192.45,3025.86,8330.21,7549.06,12419.9,5610.05
2019-07-29,6299,1642.69,3346.39,1717.97,8188.52,2941,28106.41,21616.8,2029.48,37686.37,27221.35,3020.97,8293.33,7686.61,12417.47,5601.1
2019-07-30,6377,1642.69,3350.54,1706.49,8150.46,2952,28146.5,21709.31,2038.68,37397.24,27198.02,3013.18,8273.61,7646.77,12147.24,5511.07
2019-07-31,6391,1634.87,3300.75,1711.97,8045.8,2933,27777.75,21521.53,2024.55,37481.12,26864.27,2980.38,8175.42,7586.78,12189.04,5518.9
2019-08-01,6382,1639.07,3291.75,1699.75,8098.16,2909,27565.7,21540.99,2017.34,37018.32,26583.42,2953.56,8111.12,7584.87,12253.15,5557.41
2019-08-02,6340.18,1626.76,3261.11,1684.71,8129.93,2868,26918.58,21087.16,1998.13,37118.22,26485.01,2932.05,8004.07,7407.06,11872.44,5359
2019-08-05,6176,1610.41,3194.51,1665.99,7890.02,2821,26151.32,20720.29,1946.98,36699.84,25717.74,2844.74,7726.04,7223.85,11658.51,5241.55
2019-08-06,6119,1611.79,3170.47,1671.48,7766.75,2778,25976.24,20585.31,1917.5,36976.85,26029.52,2881.77,7833.27,7171.69,11567.96,5234.65
2019-08-07,6204,1604.7,3184.69,1669.44,7917.39,2769,25997.03,20516.56,1909.71,36690.5,26007.07,2883.98,7862.83,7198.7,11650.15,5266.51
2019-08-08,6275,1616.02,3168.94,1665.12,7914.16,2795,26120.77,20593.35,1920.61,37327.36,26378.19,2938.09,8039.16,7285.9,11845.41,5387.96
2019-08-09,6282,1615.05,3168.94,1650.64,7854.39,2775,25939.3,20684.82,1937.75,37581.91,26287.44,2918.65,7959.14,7253.85,11693.8,5327.92
2019-08-12,6251,1615.05,3168.94,1650.64,7854.39,2815,25824.72,20684.82,1942.29,37581.91,25907.37,2883.75,7863.41,7226.72,11679.68,5310.31
2019-08-13,6211,1592.88,3146.73,1620.23,7788.45,2797.26,25281.3,20455.44,1925.83,36958.16,26279.91,2926.32,8016.36,7250.9,11750.13,5363.07
2019-08-14,6267,1600.31,3147.6,1619.45,7858.65,2809,25302.28,20655.13,1938.37,37311.53,25479.42,2840.6,7773.94,7147.88,11492.66,5251.3
2019-08-15,6258,1600.29,3126.09,1604.03,7828.86,2816,25495.46,20405.65,1938.37,37311.53,25579.39,2847.6,7766.62,7067.01,11412.67,5236.93
2019-08-16,6287,1599.22,3115.03,1631.4,7795.98,2824,25734.22,20418.81,1927.17,37350.33,25886.01,2888.68,7895.99,7117.15,11562.74,5300.79
2019-08-19,6297,1596.45,3128.45,1637.26,7938.35,2883,26291.84,20563.16,1939.9,37402.49,26135.79,2923.65,8002.81,7189.65,11715.37,5371.56
2019-08-20,6296,1602.75,3135.95,1625.57,7886.91,2880,26231.54,20677.22,1960.25,37328.01,25962.44,2900.51,7948.56,7125,11651.18,5344.64
2019-08-21,6253,1594.59,3122.57,1638.24,7886.91,2880,26270.04,20618.57,1964.65,37060.37,26202.73,2924.43,8020.21,7203.97,11802.85,5435.48
2019-08-22,6239,1602.47,3127.74,1633.56,7848.83,2883,26048.72,20628.01,1951.01,36472.93,26252.24,2922.95,7991.39,7128.18,11747.04,5388.25
2019-08-23,6256,1609.33,3110.35,1646.68,7889.41,2897,26179.33,20710.91,1948.3,36701.16,25628.9,2847.11,7751.77,7094.98,11611.51,5326.87
2019-08-26,6214.51,1600.53,3065.33,1622.73,7889.41,2864,25680.33,20261.04,1916.31,37494.12,25898.83,2878.38,7853.74,7094.98,11658.04,5351.02
2019-08-27,6278,1590.84,3067.52,1615.47,7747.38,2902,25664.07,20456.08,1924.6,37641.27,25777.9,2869.16,7826.95,7089.58,11730.02,5387.09
2019-08-28,6282,1589.82,3056.47,1616.93,7847.5,2894,25615.48,20479.42,1941.09,37451.84,26036.1,2887.94,7856.88,7114.71,11701.02,5368.8
2019-08-29,6289,1595.18,3081.83,1639.14,7892.81,2891,25703.5,20460.93,1933.41,37068.93,26362.25,2924.58,7973.39,7184.32,11838.88,5449.97
2019-09-03,6261.59,1591.52,3090.63,1642.25,7804.71,2930,25527.85,20625.16,1965.69,36562.91,26118.02,2906.27,7874.16,7268.19,11910.86,5466.07
2019-09-04,6270,1599.89,3130.57,1658.64,7840.86,2957,26523.23,20649.14,1988.53,36724.74,26355.47,2937.78,7976.88,7311.26,12025.04,5532.07
2019-09-05,6307,1599.75,3147.06,1669.79,7898.19,2986,26515.53,21085.94,2004.75,36644.42,26728.15,2976,8116.83,7271.17,12126.78,5593.37
2019-09-06,6308.95,1604.47,3144.48,1670.06,7933.47,3000,26690.76,21199.57,2009.13,36981.77,26797.46,2978.71,8103.07,7282.34,12191.73,5603.99
2019-09-09,6326,1604.47,3146.33,1671.22,7960.12,3025,26681.4,21318.42,2019.55,37145.45,26835.51,2978.43,8087.44,7235.81,12226.1,5588.95
2019-09-10,6337,1595.85,3155.71,1665.93,7929.48,3021,26683.68,21392.1,2032.08,37145.45,26909.43,2979.39,8084.16,7267.95,12268.71,5593.21
2019-09-11,6382,1602.3,3204.52,1674.03,7967.9,3009,27159.06,21597.76,2049.2,37270.82,27137.04,3000.93,8169.68,7338.03,12359.07,5618.06
2019-09-12,6342,1601,3194.96,1660.68,7944.43,3031,27087.63,21759.61,2049.2,37104.28,27182.45,3009.57,8194.47,7344.67,12410.25,5642.86
2019-09-13,6335,1601.25,3211.49,1661.96,7992.32,3031,27352.69,21988.29,2049.2,37384.99,27219.52,3007.39,8176.71,7367.46,12468.53,5655.46
2019-09-16,6219,1601.25,3203.93,1662.93,7996.9,3031,27124.55,21988.29,2062.22,37123.31,27076.82,2997.96,8153.54,7321.41,12380.31,5602.23
2019-09-17,6236.69,1604.3,3183,1663.93,7932.23,2978,26790.24,22001.32,2062.33,36481.09,27110.8,3005.7,8186.02,7320.4,12372.61,5615.51
2019-09-18,6277,1599.49,3166.84,1654.14,7915.29,2986,26754.12,21960.71,2070.73,36563.88,27147.08,3006.73,8177.39,7314.05,12389.62,5620.65
2019-09-19,6244.47,1596.28,3158.8,1640.66,7911.32,2999,26468.95,22044.45,2080.35,36093.47,27094.79,3006.79,8182.88,7356.42,12457.7,5659.08
2019-09-20,6231,1597.41,3159.68,1636.2,7871.11,3006,26435.67,22079.09,2091.52,38014.62,26935.07,2992.07,8117.67,7344.92,12468.01,5690.78
2019-09-23,6206,1592.93,3143.24,1622.79,7867.51,2977,26222.4,22079.09,2091.7,39090.03,26949.99,2991.78,8112.46,7326.08,12342.33,5630.76
2019-09-24,6138,1592.33,3155.46,1630.5,7893.94,2985,26281,22098.84,2101.04,39097.14,26807.77,2966.6,7993.63,7291.43,12307.15,5628.33
2019-09-25,6146,1589.58,3125.82,1628.38,7896.24,2955,25945.35,22020.15,2073.39,38593.52,26970.71,2984.87,8077.38,7289.99,12234.18,5583.8
2019-09-26,6230,1593,3125.81,1636.75,7896.48,2929,26041.93,22048.24,2074.52,38989.74,26891.12,2977.62,8030.66,7351.08,12288.54,5620.57
2019-09-27,6197,1584.14,3125.63,1643.76,7819.22,2932,25954.81,21878.9,2049.93,38822.57,26820.25,2961.79,7939.63,7426.21,12380.94,5640.58
2019-09-30,6169,1583.91,3119.99,1637.22,7779.07,2905,26092.27,21755.84,2063.05,38667.33,26916.83,2976.74,7999.34,7408.21,12428.08,5677.79
2019-10-01,6138.25,1589.44,3146.03,1624.09,7739.86,2905,26092.27,21885.24,2072.42,38305.41,26573.04,2940.25,7908.69,7360.32,12263.83,5597.63
2019-10-02,6055,1574.9,3103.45,1613.64,7610.68,2905,26042.69,21778.61,2031.91,38305.41,26078.62,2887.61,7785.25,7122.54,11925.25,5422.77
2019-10-03,6039,1564.12,3087.97,1610.69,7545.55,2905,26110.31,21341.74,2031.91,38106.87,26201.04,2910.63,7872.27,7077.64,11925.25,5438.77
2019-10-04,6061,1557.67,3078.36,1605.96,7704.6,2905,25821.03,21410.2,2020.69,37673.31,26573.72,2952.01,7982.47,7155.38,12012.81,5488.32
2019-10-07,6001,1559,3099.48,1613.71,7683.22,2905,25821.03,21375.25,2021.73,37531.98,26478.02,2938.79,7956.29,7197.88,12097.43,5521.61
2019-10-08,6040,1558.79,3110.85,1612.17,7756.72,2913.57,25893.4,21587.78,2046.25,37531.98,26164.04,2893.06,7823.78,7143.15,11970.2,5456.62
2019-10-09,6029.16,1551.23,3089.9,1616.18,7681.25,2925,25682.81,21456.38,2046.25,38177.95,26346.01,2919.4,7903.74,7166.5,12094.26,5499.14
2019-10-10,6024,1551.87,3089.48,1607.5,7765.03,2948,25707.93,21551.98,2028.15,37880.4,26496.67,2938.13,7950.78,7186.36,12164.2,5569.05
2019-10-11,6105.8,1556.84,3113.97,1626,7849.94,2974,26308.44,21798.87,2044.61,38127.08,26816.59,2970.27,8057.04,7247.08,12511.65,5665.48
2019-10-14,6127,1567.59,3124.45,1626,7884.29,3008,26521.85,21798.87,2067.4,38214.47,26787.36,2966.15,8048.65,7213.45,12486.56,5643.08
2019-10-15,6158,1566.23,3116.17,1627.01,7840.31,2991,26503.93,22207.21,2068.17,38506.09,27024.8,2995.68,8148.71,7211.64,12629.79,5702.05
2019-10-16,6170,1574.9,3134.71,1634.46,7915.3,2979,26664.28,22472.92,2082.83,38598.99,27001.98,2989.69,8124.18,7167.95,12670.11,5696.9
2019-10-17,6181,1574.5,3126.14,1632.8,7930.55,2977,26848.49,22451.86,2077.94,39052.06,27025.88,2997.95,8156.85,7182.32,12654.95,5673.07
2019-10-18,6192,1571.15,3114.16,1631.43,7885.23,2938,26719.58,22492.68,2060.69,39298.38,26770.2,2986.2,8089.54,7150.57,12633.6,5636.25
2019-10-21,6199,1570.93,3139.15,1620.78,7891.13,2940,26725.68,22548.9,2064.84,39298.38,26827.64,3006.72,8162.99,7163.64,12747.96,5648.35
2019-10-22,6225,1574.09,3160.67,1631.46,7955.24,2954.38,26786.2,22548.9,2088.86,38963.84,26788.1,2995.99,8104.3,7212.49,12754.69,5657.69
2019-10-23,6258,1568.79,3144.28,1631.46,7933.76,2942,26566.73,22625.38,2080.62,39058.83,26833.95,3004.52,8119.79,7260.74,12798.19,5653.44
2019-10-24,6340,1571.11,3168.87,1620.97,7950.98,2941,26797.95,22750.6,2085.66,39020.39,26805.53,3010.29,8185.8,7328.25,12872.1,5684.33
2019-10-25,6252,1570,3185.53,1593.28,7922.5,2955,26667.39,22799.81,2087.89,39058.06,26958.06,3022.55,8243.12,7324.47,12894.51,5722.15
2019-10-28,6265,1570,3185.53,1596.48,7946.53,2980.05,26891.26,22867.27,2093.6,39250.2,27090.72,3039.42,8325.99,7331.28,12941.71,5730.57
2019-10-29,6281,1577.79,3197.04,1591.21,7991.19,2954,26786.76,22974.13,2092.69,39831.84,27071.42,3036.89,8276.85,7306.26,12939.62,5740.14
2019-10-30,6296,1580,3207.92,1601.83,8020.06,2939,26667.71,22843.12,2080.27,40051.87,27186.69,3046.77,8303.98,7330.78,12910.23,5765.87
2019-10-31,6228,1597.98,3229.88,1601.49,7977.12,2929,26906.72,22927.04,2083.48,40129.05,27046.23,3037.56,8292.36,7248.38,12866.79,5729.86
2019-11-01,6207,1593.34,3229.43,1592.52,7977.12,2958,27100.76,22850.77,2100.2,40165.03,27347.36,3066.91,8386.4,7302.42,12961.05,5761.89
2019-11-04,6180,1603.56,3236.4,1622.25,8059.65,2975,27547.3,22850.77,2130.24,40301.96,27462.11,3078.27,8433.2,7369.69,13136.28,5824.3
2019-11-05,6264,1606.74,3248.63,1626.87,8216.68,2992,27683.4,23251.99,2142.64,40248.23,27492.63,3074.62,8434.68,7388.08,13148.5,5846.89
2019-11-06,6218,1603.25,3262.69,1623.99,8025.88,2979,27688.64,23303.82,2144.15,40469.78,27492.56,3076.78,8410.63,7396.65,13179.89,5866.74
2019-11-07,6166,1609.33,3285.72,1640.88,8073.81,2979,27847.23,23330.32,2144.29,40653.74,27674.8,3085.18,8434.52,7406.41,13289.46,5890.99
2019-11-08,6178,1609.73,3264.3,1637.85,8065.76,2964,27651.14,23391.87,2137.23,40323.61,27681.24,3093.08,8475.31,7359.38,13228.56,5889.7
2019-11-11,6148.74,1608.15,3240.65,1622.12,8009.38,2910,26926.55,23331.84,2124.09,40345.08,27691.49,3087.01,8464.28,7328.54,13198.37,5893.82
2019-11-12,6181,1609.73,3267.8,1626.2,8012.34,2915,27065.28,23520.01,2140.92,40345.08,27691.49,3091.84,8486.09,7365.44,13283.51,5919.75
2019-11-13,6143,1597.22,3239.22,1615.14,7947.47,2905,26571.46,23319.87,2122.45,40116.06,27783.59,3094.04,8482.1,7351.21,13230.07,5907.09
2019-11-14,6098.95,1593.55,3231.85,1609.47,7933.71,2909.87,26323.69,23141.55,2139.23,40286.48,27781.96,3096.63,8479.02,7292.76,13180.23,5901.08
2019-11-15,6128,1594.75,3238.86,1602.23,7932.96,2891,26326.66,23303.32,2162.18,40356.69,28004.89,3120.46,8540.83,7302.94,13241.75,5939.27
2019-11-18,6123,1604.36,3258.66,1608,7880.94,2909.2,26681.09,23416.76,2160.69,40284.19,28036.22,3122.03,8549.94,7307.7,13207.01,5929.79
2019-11-19,6152.09,1605.31,3238.87,1607.25,7912.14,2934,27093.8,23292.65,2153.24,40469.7,27934.02,3120.18,8570.66,7323.8,13221.12,5909.05
2019-11-20,6155,1601.14,3229.78,1596.83,7898.06,2911,26889.61,23148.57,2125.32,40651.64,27821.09,3108.46,8526.73,7262.49,13158.14,5894.03
2019-11-21,6117,1592.19,3192.21,1591.86,7818.89,2904,26466.88,23038.58,2096.6,40575.17,27766.29,3103.54,8506.21,7238.55,13137.7,5881.21
2019-11-22,6100,1596.84,3225.65,1597.72,7824.59,2885,26595.08,23112.88,2101.96,40359.41,27875.62,3110.29,8519.89,7326.81,13163.88,5893.13
2019-11-25,6071,1591.35,3220.63,1614.8,7771.62,2906,26993.04,23292.81,2123.5,40889.23,28066.47,3133.64,8632.49,7396.29,13246.45,5924.86
2019-11-26,6026,1583.87,3207.85,1609.38,7707.8,2907.06,26913.92,23373.32,2121.35,40821.3,28121.68,3140.52,8647.93,7403.14,13236.42,5929.62
2019-11-27,6023,1587.18,3215.53,1607.27,7836.89,2903,26954,23437.77,2127.85,41020.61,28164,3153.63,8705.17,7429.78,13287.07,5926.84
2019-11-28,5953.06,1583.77,3200.61,1597.68,7768.66,2890,26893.73,23409.14,2118.6,41130.17,28164,3153.63,8705.17,7416.43,13245.58,5912.72
2019-11-29,6011.83,1561.74,3193.92,1590.59,7738.96,2872,26346.49,23293.91,2087.96,40793.81,28051.41,3140.98,8665.47,7346.53,13236.38,5905.17
2019-12-02,6130,1570.55,3187.97,1569.53,7877.19,2876,26444.72,23529.5,2091.92,40802.17,27783.04,3113.87,8567.99,7285.94,12964.68,5786.74
2019-12-03,6134,1562.27,3173.08,1567.63,7855.18,2885,26391.3,23379.81,2084.07,40675.45,27502.81,3093.2,8520.64,7158.76,12989.29,5727.22
2019-12-04,6113,1560.93,3159.79,1565.45,7815.93,2878,26062.56,23135.23,2068.89,40850.29,27649.78,3112.76,8566.67,7188.5,13140.57,5799.68
2019-12-05,6152,1563.58,3174.19,1565.45,7790.91,2899,26217.04,23300.09,2060.74,40779.59,27677.79,3117.43,8570.7,7137.85,13054.8,5801.55
2019-12-06,6187,1568.44,3194.71,1558.99,7801.72,2912,26498.37,23354.4,2081.85,40445.15,28015.06,3145.91,8656.53,7239.66,13166.58,5871.91
2019-12-09,6194,1562.71,3179.82,1552.96,7779.8,2914,26494.73,23430.7,2088.65,40487.43,27909.6,3135.96,8621.83,7233.9,13105.61,5837.25
2019-12-10,6184,1561.79,3162.89,1552.96,7736.18,2917,26436.62,23410.19,2098,40239.88,27881.72,3132.52,8616.18,7213.76,13070.72,5848.03
2019-12-11,6180,1563.19,3172.9,1551.82,7786.41,2924,26645.43,23391.86,2105.62,40412.57,27911.3,3141.63,8654.05,7216.25,13146.74,5860.88
2019-12-12,6139,1567.34,3194.67,1563.85,7741.07,2916,26994.14,23424.81,2137.35,40581.71,28132.05,3168.57,8717.32,7273.47,13221.64,5884.26
2019-12-13,6197,1571.16,3214.05,1573.91,7877.63,2968,27687.76,24023.1,2170.25,41009.71,28135.38,3168.8,8734.88,7353.44,13282.72,5919.02
2019-12-16,6212,1569.35,3206.09,1549.74,7701.6,2984,27508.09,23952.35,2168.15,40938.72,28235.89,3191.45,8814.23,7519.05,13407.66,5991.66
2019-12-17,6244,1576.95,3200.8,1548.65,7730.45,3022,27843.71,24066.12,2195.68,41352.17,28267.16,3192.52,8823.36,7525.28,13287.83,5968.26
2019-12-18,6287.25,1599.11,3209.54,1563.74,7733.67,3017,27884.21,23934.43,2194.76,41558.57,28239.28,3191.14,8827.73,7540.75,13222.16,5959.6
2019-12-19,6249.93,1596.01,3207.42,1573.51,7653.94,3017,27800.49,23864.85,2196.56,41673.92,28376.96,3205.37,8887.22,7573.82,13211.96,5972.28
2019-12-20,6284,1610.18,3212.39,1572.92,7773.12,3005,27871.35,23816.63,2204.18,41681.54,28455.09,3221.22,8924.96,7582.48,13318.9,6021.53
2019-12-23,6305.91,1614.18,3214,1573.57,7872.6,2963,27906.41,23821.11,2203.71,41642.66,28551.53,3224.01,8945.65,7623.59,13300.98,6029.37
2019-12-24,6305.91,1604.23,3221.67,1568.63,7872.6,2983,27864.21,23830.58,2190.08,41461.26,28515.45,3223.38,8952.88,7632.24,13300.98,6029.55
2019-12-25,6305.91,1604.23,3221.67,1573,7872.6,2982,27864.21,23782.87,2190.08,41461.26,28515.45,3223.38,8952.88,7632.24,13300.98,6029.55
2019-12-26,6319,1603.55,3222.99,1579.03,7842.28,3007,27864.21,23924.92,2197.93,41163.76,28621.39,3239.91,9022.39,7632.24,13300.98,6029.55
2019-12-27,6329,1610.61,3226.53,1578.22,7815.26,3005,28225.42,23837.72,2204.21,41575.14,28645.26,3240.02,9006.62,7644.9,13337.11,6037.39
2019-12-30,6300,1615.67,3222.44,1579.84,7815.26,3040,28319.39,23656.62,2197.67,41558,28462.14,3221.29,8945.99,7587.05,13249.01,5982.22
2019-12-31,6300,1588.76,3222.83,1579.84,7815.26,3050,28189.75,23656.62,2197.67,41253.74,28538.44,3230.78,8972.6,7542.44,13249.01,5978.06
2020-01-01,6300,1588.76,3222.83,1579.84,7815.26,3050,28189.75,23656.62,2197.67,41306.02,28538.44,3230.78,8972.6,7542.44,13249.01,5978.06
2020-01-02,6284,1602.5,3252,1595.82,7742.53,3085,28543.52,23656.62,2175.17,41626.64,28868.8,3257.85,9092.19,7604.3,13385.93,6041.5
2020-01-03,6323,1611.38,3238.82,1594.97,7839.79,3084,28451.5,23656.62,2176.46,41464.61,28634.88,3234.85,9020.77,7622.4,13219.14,6044.16
2020-01-06,6257,1597.76,3218.86,1568.5,7797.87,3083,28226.19,23204.86,2155.07,40676.63,28703.38,3246.28,9071.47,7575.34,13126.99,6013.59
2020-01-07,6279,1611.04,3247.86,1585.23,7840.7,3105,28322.06,23575.72,2175.54,40869.47,28583.68,3237.18,9068.58,7573.85,13226.83,6012.35
2020-01-08,6226,1589.1,3245.89,1559.27,7736.24,3067,28087.92,23204.76,2151.31,40817.74,28745.09,3253.05,9129.24,7574.93,13320.18,6031
2020-01-09,6274,1595.65,3247.48,1579.64,7797.64,3095,28561,23739.87,2186.45,41452.35,28956.9,3274.7,9203.43,7598.12,13495.06,6042.55
2020-01-10,6275,1591.46,3255.95,1580.63,7776.77,3092,28638.2,23850.57,2206.39,41599.72,28823.77,3265.35,9178.86,7587.85,13483.31,6037.11
2020-01-13,6297,1584.73,3251.07,1586.16,7776.77,3115.57,28954.94,23850.57,2229.26,41859.69,28907.05,3288.13,9273.93,7617.6,13451.52,6036.14
2020-01-14,6325,1580.6,3270.54,1586.9,7793.25,3106.82,28885.14,24025.17,2238.88,41952.63,28939.67,3283.15,9251.33,7622.35,13456.49,6040.89
2020-01-15,6283,1585.14,3256.98,1581.05,7664.4,3090,28773.59,23916.58,2230.98,41872.73,29030.22,3289.29,9258.7,7642.8,13432.3,6032.61
2020-01-16,6286,1587.88,3278,1595.87,7653.18,3074,28883.04,23933.13,2248.05,41932.56,29297.64,3316.81,9357.13,7609.81,13429.43,6039.03
2020-01-17,6292,1595.81,3281.03,1600.48,7722.58,3075,29056.42,24041.26,2250.57,41945.37,29348.1,3329.62,9388.94,7674.56,13526.13,6100.72
2020-01-20,6245,1588.88,3280.09,1589.11,7552.6,3096,28795.91,24083.51,2262.64,41528.91,29348.1,3329.62,9388.94,7651.44,13548.94,6078.54
2020-01-21,6238,1587.33,3247.17,1574.94,7466.65,3052,27985.33,23864.56,2239.69,41323.81,29196.04,3320.79,9370.81,7610.7,13555.87,6045.99
2020-01-22,6233,1577.98,3253.93,1574.59,7468.73,3061,28341.04,24031.35,2267.25,41115.38,29186.27,3321.75,9383.77,7571.92,13515.75,6010.98
2020-01-23,6249.21,1574.44,3234.56,1573.7,7616.35,2977,27909.12,23795.44,2246.13,41386.4,29160.09,3325.54,9402.48,7507.67,13388.42,5971.79
2020-01-24,6244,1572.81,3240.02,1569.55,7623.41,2977,27949.64,23827.18,2246.13,41613.19,28989.73,3295.47,9314.91,7585.98,13576.68,6024.26
2020-01-27,6133,1572.81,3240.02,1524.15,7587.63,2977,27949.64,23343.51,2246.13,41155.12,28535.8,3243.63,9139.31,7412.05,13204.77,5863.02
2020-01-28,6111,1551.64,3181.25,1513.26,7468.7,2977,27949.64,23215.71,2176.72,40966.86,28722.85,3276.24,9269.68,7480.69,13323.69,5925.82
2020-01-29,6113,1550.47,3182.57,1524.59,7462.31,2977,27160.63,23379.4,2185.28,41198.66,28734.45,3273.4,9275.16,7483.57,13345,5954.89
2020-01-30,6058,1545.59,3170.68,1523.99,7392.68,2977,26449.13,22977.75,2148,40913.82,28859.44,3283.66,9298.93,7381.96,13157.12,5871.77
2020-01-31,5940,1531.06,3153.73,1514.14,7200.79,2977,26312.63,23205.18,2119.01,40723.49,28256.03,3225.52,9150.94,7286.01,12981.97,5806.34
2020-02-03,5884.17,1521.95,3116.31,1496.06,7137.03,2747,26356.98,22971.94,2118.88,39872.31,28399.81,3248.92,9273.4,7326.31,13045.19,5832.51
2020-02-04,5922,1535.8,3156.57,1519.38,7226.9,2783,26675.98,23084.59,2157.9,40789.38,28807.63,3297.59,9467.97,7439.82,13281.74,5935.05
2020-02-05,5978.51,1536.79,3200.13,1534.14,7352.85,2818,26786.74,23319.56,2165.63,41142.66,29290.85,3334.69,9508.68,7482.48,13478.33,5985.4
2020-02-06,5987,1552.77,3231.55,1535.79,7506.51,2866.51,27493.7,23873.59,2227.94,41306.03,29379.77,3345.78,9572.15,7504.79,13574.82,6038.18
2020-02-07,6000,1554.49,3181.48,1535.24,7507.2,2876,27404.27,23827.98,2211.95,41141.85,29102.51,3327.71,9520.51,7466.7,13513.81,6029.75
2020-02-10,5952,1542.8,3163.15,1535.24,7430.86,2890,27241.34,23685.98,2201.07,40979.62,29276.82,3352.09,9628.39,7446.88,13494.03,6015.67
2020-02-11,5954,1551.48,3175.57,1523.93,7439.4,2902,27583.88,23685.98,2223.12,41216.14,29276.34,3357.75,9638.94,7499.44,13627.84,6054.76
2020-02-12,5913,1542.94,3223.37,1539.84,7383.1,2927,27823.66,23861.21,2238.38,41565.9,29551.42,3379.45,9725.96,7534.37,13749.78,6104.73
2020-02-13,5872,1539.16,3220.09,1532.77,7403.12,2906,27730,23827.73,2232.96,41459.79,29423.31,3373.94,9711.97,7452.03,13745.43,6093.14
2020-02-14,5867,1544.46,3220.03,1526.3,7282,2917,27815.6,23687.59,2243.59,41257.74,29398.08,3380.16,9731.18,7409.13,13744.21,6069.35
2020-02-17,5868,1537.12,3213,1527.25,7326.85,2984,27959.6,23523.24,2242.17,41055.69,29398.08,3380.16,9731.18,7433.25,13783.89,6085.95
2020-02-18,5887,1537.08,3196.63,1513.68,7322.89,2985,27530.2,23193.8,2208.88,40894.38,29232.19,3370.29,9732.74,7382.01,13681.19,6056.82
2020-02-19,5929,1534.16,3213.71,1505.54,7396.94,2975,27655.81,23400.7,2210.34,41323,29348.03,3386.15,9817.18,7457.02,13789,6111.24
2020-02-20,5942,1534.98,3198.68,1491.24,7413,3030,27609.16,23479.15,2195.5,41170.12,29219.98,3373.23,9750.97,7436.64,13664,6062.3
2020-02-21,5882,1531.2,3181.03,1495.09,7369.78,3040,27308.81,23386.74,2162.84,41170.12,28992.41,3337.75,9576.59,7403.92,13579.33,6029.72
2020-02-24,5807.05,1490.06,3142.2,1435.56,7187.44,3031,26820.88,23386.74,2079.04,40363.23,27960.8,3225.89,9221.28,7156.83,13035.24,5791.87
2020-02-25,5787,1500.88,3158.24,1439.1,7187.44,3013.05,26893.23,22605.41,2103.61,40281.2,27081.36,3128.21,8965.61,7017.88,12790.49,5679.68
2020-02-26,5689,1495.19,3117.52,1366.41,6909.84,2988,26696.49,22426.19,2076.77,39888.96,26957.59,3116.39,8980.77,7042.47,12774.88,5684.55
2020-02-27,5536,1505.59,3111.7,1395.08,6967.84,2991,26778.62,21948.23,2054.89,39745.66,25766.64,2978.76,8566.48,6796.4,12367.46,5495.6
2020-02-28,5453,1482.64,3011.08,1340.52,6787.91,2880,26129.93,21142.96,1987.01,38297.29,25409.36,2954.22,8567.37,6580.61,11890.35,5309.9
2020-03-02,5361,1466.94,3007.72,1335.72,6749.28,2971,26291.68,21344.08,2002.51,38144.02,26703.32,3090.23,8952.17,6654.89,11857.87,5333.52
2020-03-03,5519,1478.64,3019.56,1375.02,6790.54,2993,26284.82,21082.73,2014.15,38623.7,25917.41,3003.37,8684.09,6718.2,11985.39,5393.17
2020-03-04,5650,1489.95,3025.03,1378.61,6867.26,3012,26222.07,21100.06,2059.33,38409.48,27090.86,3130.12,9018.09,6815.59,12127.69,5464.89
2020-03-05,5638.13,1491.03,3018.27,1390.83,6884.77,3072,26767.87,21329.12,2085.26,38470.61,26121.28,3023.94,8738.59,6705.43,11944.72,5361.1
2020-03-06,5498.54,1483.1,2960.98,1364.57,6770.38,3035,26146.67,20749.75,2040.22,37576.62,25864.78,2972.37,8575.62,6462.55,11541.87,5139.11
2020-03-09,5137,1424.16,2782.37,1255.94,6312.61,2943,25040.46,19698.76,1954.77,35634.95,23851.02,2746.56,7950.68,5965.77,10625.02,4707.91
2020-03-10,5221,1430.47,2832.54,1271.25,6318.38,2997,25392.51,19867.12,1962.93,35634.95,25018.16,2882.23,8344.25,5960.23,10475.49,4636.61
2020-03-11,5154,1443.83,2783.72,1249.89,6353.26,2969,25231.61,19416.06,1908.27,35697.4,23553.22,2741.38,7952.05,5876.52,10438.68,4610.25
2020-03-12,4896,1419.43,2678.64,1114.91,5736.27,2923,24309.07,18559.63,1834.33,32778.14,21200.62,2480.64,7201.8,5237.48,9161.13,4044.26
2020-03-13,4908,1344.75,2634,1128.91,5793.94,2887,24032.91,17431.05,1771.44,34103.48,23185.62,2711.02,7874.88,5366.11,9232.08,4118.36
2020-03-16,4691,1280.63,2495.77,1046.08,5335.37,2789,23063.57,17002.04,1714.86,31390.07,20188.52,2386.13,6904.59,5151.08,8742.25,3881.46
2020-03-17,4457,1256.58,2454.53,1035.17,5335.37,2780,23263.73,17011.53,1672.44,30579.09,21237.38,2529.19,7334.78,5294.9,8939.1,3991.78
2020-03-18,4331,1239.01,2425.62,1048.15,5335.37,2729,22291.82,16726.55,1591.2,28869.51,19898.92,2398.1,6989.84,5080.58,8441.71,3754.84
2020-03-19,4105,1219.72,2311,1044.19,4623.42,2702.13,21709.13,16552.83,1457.64,28288.23,20087.19,2409.39,7150.58,5151.61,8610.43,3855.5
2020-03-20,4195,1303.28,2410.74,1127.24,4778.76,2746,22805.07,16552.83,1566.15,29915.96,19173.98,2304.92,6879.52,5190.78,8928.95,4048.8
2020-03-23,3990,1259.88,2233.48,1024.46,4743.37,2660,21696.13,16887.78,1482.46,25981.24,18591.93,2237.4,6860.67,4993.89,8741.15,3914.31
2020-03-24,3938,1291.14,2362.05,1033.84,4774.27,2722,22663.49,18092.35,1609.97,26674.03,20704.91,2447.33,7417.86,5446.01,9700.57,4242.7
2020-03-25,3938,1324.5,2505.47,1080.03,5027.76,2782,23527.19,19546.63,1704.76,28535.78,21200.55,2475.56,7384.3,5688.2,9874.26,4432.3
2020-03-26,4339,1328.09,2487.56,1091.96,5401.58,2765,23352.34,18664.6,1686.24,29946.77,22552.17,2630.07,7797.54,5815.73,10000.96,4543.58
2020-03-27,4546,1343.09,2528.76,1099.76,5266.62,2772,23484.28,19389.43,1717.73,29815.59,21636.78,2541.47,7502.38,5510.33,9632.52,4351.49
2020-03-30,4414.5,1328.88,2416.24,1087.82,5131.16,2747,23175.11,19084.97,1717.12,28440.32,22327.48,2626.65,7774.15,5563.74,9815.97,4378.51
2020-03-31,4538.93,1350.89,2481.23,1125.86,5321.23,2750,23603.48,18917.01,1754.64,29468.49,21917.16,2584.59,7700.1,5671.96,9935.84,4396.12
2020-04-01,4466,1322.66,2440.27,1105.51,5408.52,2735,23085.79,18065.41,1685.46,28265.31,20943.51,2470.5,7360.58,5454.57,9544.75,4207.24
2020-04-02,4532,1330.9,2453.03,1138.27,5342.31,2781,23280.06,17818.72,1724.86,28265.31,21413.44,2526.9,7487.31,5480.22,9570.82,4220.96
2020-04-03,4623,1330.65,2389.29,1138.84,5346.97,2764,23236.11,17820.19,1725.44,27590.95,21052.53,2488.65,7373.08,5415.5,9525.77,4154.58
2020-04-06,4812,1341.69,2470.59,1138.84,5570.81,2764,23749.12,18576.3,1791.88,27590.95,22679.99,2663.68,7913.24,5582.39,10075.17,4346.14
2020-04-07,4779,1369.92,2571.89,1214.95,5650.01,2821,24253.29,18950.18,1823.6,30067.21,22653.86,2659.41,7887.26,5704.45,10356.7,4438.27
2020-04-08,4627,1361.39,2539.44,1205.77,5510.83,2815,23970.37,19353.24,1807.14,29893.96,23433.57,2749.98,8090.9,5677.73,10332.89,4442.75
2020-04-09,4649,1369.76,2571.32,1210.48,5510.83,2826,24300.33,19345.77,1836.21,31159.62,23719.37,2789.82,8153.58,5842.66,10564.74,4506.85
2020-04-10,4649,1357.5,2571.32,1228.03,5510.83,2797,24300.33,19498.5,1860.7,31159.62,23719.37,2789.82,8153.58,5842.66,10564.74,4506.85
2020-04-13,4624,1356.03,2567.25,1236.78,5610.98,2783,24300.33,19043.4,1825.76,30690.02,23390.77,2761.63,8192.42,5842.66,10564.74,4506.85
2020-04-14,4706,1371.66,2634.57,1256.35,5780.88,2827,24435.4,19638.81,1857.08,30690.02,23949.76,2846.06,8515.74,5791.31,10696.56,4523.91
2020-04-15,4626,1387.79,2605.56,1236.1,5946.05,2811,24145.34,19550.09,1857.08,30379.81,23504.35,2783.36,8393.18,5597.65,10279.76,4353.72
2020-04-16,4481,1386.53,2612.25,1200.15,5525.6,2820,24006.45,19290.2,1857.07,30602.61,23537.68,2799.55,8532.36,5628.43,10301.54,4350.16
2020-04-17,4635,1407.34,2614.6,1239.24,5789.97,2838,24380,19897.26,1914.53,31588.72,24242.49,2874.56,8650.14,5786.96,10625.78,4499.01
2020-04-20,4576,1413.12,2597.85,1266.4,5733.65,2853,24330.02,19669.12,1898.36,31648,23650.44,2823.16,8560.73,5812.83,10675.9,4528.3
2020-04-21,4502,1381.73,2551.92,1252.92,5592.25,2827,23793.55,19280.78,1879.38,30636.71,23018.88,2736.56,8263.23,5641.03,10249.85,4357.46
2020-04-22,4568,1381.89,2550.04,1261.81,5573.75,2843.98,23893.36,19137.95,1896.15,31379.55,23475.82,2799.31,8495.38,5770.63,10415.03,4411.8
2020-04-23,4594,1381.64,2542.37,1272.53,5599.55,2838.5,23977.32,19429.44,1914.73,31863.08,23515.26,2797.8,8494.75,5826.61,10513.79,4451
2020-04-24,4496,1369.85,2518.16,1258.78,5464.98,2809,23831.33,19262,1889.01,31327.22,23775.27,2836.74,8634.52,5752.23,10336.09,4393.32
2020-04-27,4513,1370.16,2549.4,1267.41,5450.45,2815,24280.14,19783.22,1922.77,31743.08,24133.78,2878.48,8730.16,5846.79,10659.99,4505.26
2020-04-28,4530,1372.2,2562.95,1274.99,5574.98,2810,24575.96,19771.19,1934.09,32114.52,24101.55,2863.39,8607.73,5958.5,10795.63,4569.79
2020-04-29,4567,1380.3,2574.73,1282.68,5643.97,2822,24643.59,19771.19,1947.56,32720.16,24633.86,2939.51,8914.71,6115.25,11107.74,4671.11
2020-04-30,4716,1407.78,2624.23,1301.66,5700.71,2860,24643.59,20193.69,1947.56,33717.62,24345.72,2912.43,8889.55,5901.21,10861.64,4572.18
2020-05-01,4716,1407.78,2624.23,1301.66,5700.71,2860,24643.59,19619.35,1947.56,33717.62,23723.69,2830.71,8604.95,5763.06,10861.64,4572.18
2020-05-04,4605,1376.59,2563.69,1301.66,5572.09,2860,23613.8,19619.35,1895.37,31715.35,23749.76,2842.74,8710.72,5753.78,10466.8,4378.23
2020-05-05,4630,1389.55,2572.36,1278.63,5671.67,2860,23868.66,19619.35,1895.37,31453.51,23883.09,2868.44,8809.12,5849.42,10729.46,4483.13
2020-05-06,4608.79,1376.93,2591.6,1278.63,5639.27,2878.14,24137.48,19619.35,1928.76,31685.75,23664.64,2848.42,8854.39,5853.76,10606.2,4433.38
2020-05-07,4608.79,1376.93,2591.6,1257.98,5653.16,2872,23980.63,19674.77,1928.61,31443.38,23875.89,2881.19,8979.66,5935.98,10759.27,4501.44
2020-05-08,4597.43,1382.31,2591.88,1266.02,5621.94,2895,24230.17,20179.09,1945.82,31642.7,24331.32,2929.8,9121.32,5935.98,10904.48,4549.64
2020-05-11,4639,1382.31,2611.31,1287.3,5667.93,2895,24602.06,20390.66,1935.4,31561.22,24221.99,2930.32,9192.34,5939.73,10824.99,4490.22
2020-05-12,4589,1379.93,2587.81,1299.69,5651.67,2892,24245.68,20366.48,1922.17,31371.12,23764.78,2870.12,9002.55,5994.77,10819.5,4472.5
2020-05-13,4554,1397.13,2572.01,1294.55,5626.25,2898.05,24180.3,20267.05,1940.42,32008.61,23247.97,2820,8863.17,5904.05,10542.66,4344.95
2020-05-14,4514,1397.25,2522.31,1280.4,5654.7,2870,23829.74,19914.78,1924.96,31122.89,23625.34,2852.5,8943.72,5741.54,10337.02,4273.13
2020-05-15,4508,1403.44,2523.55,1280.76,5541.95,2868,23797.47,20037.47,1927.28,31097.73,23685.42,2863.7,9014.56,5799.77,10465.17,4277.63
2020-05-18,4511,1410.16,2539.28,1286.53,5479.35,2875,23934.77,20133.73,1937.11,30028.98,24597.37,2953.91,9234.83,6048.59,11058.87,4498.34
2020-05-19,4549,1423.97,2581.33,1309.95,5555.85,2899,24388.13,20433.45,1980.61,30196.17,24206.86,2922.94,9185.1,6002.23,11075.29,4458.16
2020-05-20,4546,1435.12,2561.94,1322.2,5581.96,2884,24399.95,20595.15,1989.64,30818.61,24575.9,2971.61,9375.78,6067.16,11223.71,4496.98
2020-05-21,4546,1452.11,2555.34,1320.69,5604.49,2868,24280.03,20552.31,1998.31,30932.9,24474.12,2948.51,9284.88,6015.25,11065.93,4445.45
2020-05-22,4546,1436.76,2499.83,1303.97,5539.19,2814,22930.14,20388.16,1970.13,30672.59,24465.16,2955.45,9324.59,5993.28,11073.87,4444.56
2020-05-25,4546,1436.76,2499.83,1320.98,5539.19,2817.97,22952.24,20741.65,1994.6,30672.59,24465.16,2955.45,9324.59,5993.28,11391.28,4539.91
2020-05-26,4627,1436.76,2530.3,1336.09,5496.83,2847,23384.66,21271.17,2029.78,30609.3,24995.11,2991.77,9340.22,6067.76,11504.65,4606.24
2020-05-27,4642,1451.73,2519.48,1345.11,5523.78,2837,23301.36,21419.23,2031.2,31605.22,25548.27,3036.13,9412.36,6144.25,11657.69,4688.74
2020-05-28,4716,1457.5,2515.24,1337.51,5570.22,2846,23132.76,21916.31,2028.54,32200.59,25400.64,3029.73,9368.99,6218.79,11781.13,4771.39
2020-05-29,4754,1473.25,2510.75,1342.85,5838.84,2852,22961.47,21877.89,2029.6,32424.1,25383.11,3044.31,9489.87,6076.6,11586.85,4695.44
2020-06-01,4754,1490.14,2550.86,1352.37,5930.17,2915,23732.52,22062.39,2065.08,33303.52,25475.02,3055.73,9552.05,6166.42,11586.85,4762.78
2020-06-02,4848,1507.69,2611.63,1374.18,6025.17,2921,23995.94,22325.61,2087.19,33825.53,25742.65,3080.82,9608.38,6220.14,12021.28,4858.97
2020-06-03,4941,1538.53,2700.39,1374.18,6245.65,2923,24325.62,22613.76,2147,34109.54,26269.89,3122.87,9682.91,6382.41,12487.36,5022.38
2020-06-04,4917,1561.84,2707.2,1411.01,6517.49,2919.25,24366.3,22695.74,2151.18,33980.7,26281.82,3112.35,9615.81,6341.44,12430.56,5011.98
2020-06-05,4948,1556.33,2751.5,1435.7,6465.13,2931,24770.41,22863.73,2181.87,34287.24,27110.98,3193.93,9814.08,6484.3,12847.68,5197.79
2020-06-08,5071,1556.33,2796.97,1438.66,6514,2938,24776.77,23178.1,2184.29,34370.58,27572.44,3232.39,9924.75,6472.59,12819.59,5175.52
2020-06-09,5035,1575.16,2794.17,1408.37,6583.84,2956,25057.22,23091.03,2188.92,33956.69,27272.3,3207.18,9953.75,6335.72,12617.99,5095.11
2020-06-10,4921,1575.27,2800.57,1418.77,6439.37,2944,25049.73,23124.95,2195.69,34247.05,26989.99,3190.14,10020.35,6329.13,12530.16,5053.42
2020-06-11,4855,1557.25,2704.21,1396.77,6476.24,2921,24480.15,22472.91,2176.78,33538.37,25128.17,3002.1,9492.73,6076.7,11970.29,4815.6
2020-06-12,4880,1546.02,2684.63,1382.56,6476.24,2920,24301.38,22305.48,2132.3,33780.89,25605.54,3041.31,9588.81,6105.18,11949.28,4839.26
2020-06-15,4816,1498.83,2613.88,1341.99,6163.82,2890,23776.95,21530.95,2030.82,33228.8,25763.16,3066.59,9726.02,6064.7,11911.35,4815.72
2020-06-16,4986,1517.71,2666.85,1367.13,6281.75,2932,24344.09,22582.21,2138.05,33605.22,26289.98,3124.74,9895.87,6242.79,12315.66,4952.46
2020-06-17,4988,1526.32,2669.62,1376.18,6282.01,2936,24481.41,22455.76,2141.05,33507.92,26119.61,3113.49,9910.53,6253.25,12382.14,4995.97
2020-06-18,4925,1504.91,2665.66,1372.98,6348.45,2939,24464.94,22355.46,2133.48,34208.05,26080.1,3115.34,9943.05,6224.07,12281.53,4958.75
2020-06-19,4942,1507.26,2634.83,1370.82,6315.07,2968,24643.89,22478.79,2141.32,34731.73,25871.46,3097.74,9946.12,6292.6,12330.76,4979.45
2020-06-22,4919,1511.24,2629.69,1352.18,6347.43,2965,24511.34,22437.27,2126.73,34911.32,26024.96,3117.86,10056.47,6244.62,12262.97,4948.7
2020-06-23,4879,1507.04,2634.92,1356.43,6297.78,2970.62,24907.34,22549.05,2131.24,35430.43,26156.1,3131.29,10131.37,6320.12,12523.76,5017.68
2020-06-24,4965,1502.63,2628.62,1333.43,6188.83,2980,24781.58,22534.32,2161.51,34868.98,25445.94,3050.33,9909.17,6123.69,12093.94,4871.36
2020-06-25,4896.73,1489.2,2590.15,1325.88,6118.26,2980,24781.58,22259.79,2112.37,34842.1,25745.6,3083.76,10017,6147.14,12177.87,4918.58
2020-06-26,4904,1488.14,2604.51,1330.34,6191.84,2980,24549.99,22512.08,2134.65,35171.27,25015.55,3009.05,9757.22,6159.3,12089.39,4909.64
2020-06-29,4902,1494.43,2574.1,1329.76,6105.18,2962,24301.28,21995.04,2093.48,34961.52,25595.8,3053.24,9874.15,6225.77,12232.12,4945.46
2020-06-30,4905,1500.97,2589.91,1339.03,6207.72,2985,24427.19,22288.14,2108.33,34915.8,25812.88,3100.29,10058.77,6169.74,12310.93,4935.99
2020-07-01,4914,1514.43,2610.17,1349.44,6209.71,3026,24427.19,22121.73,2106.7,35414.45,25734.97,3115.86,10154.63,6157.96,12260.57,4926.94
2020-07-02,4966.78,1536.28,2636.69,1374.13,6364.08,3091,25124.19,22145.96,2135.37,35843.7,25827.36,3130.01,10207.63,6240.36,12608.46,5049.38
2020-07-03,4974,1552.65,2652.94,1372.27,6372.66,3153,25373.12,22306.48,2152.41,36021.42,25827.36,3130.01,10207.63,6157.3,12528.18,5007.14
2020-07-06,4989,1576.9,2689.61,1372.27,6328.41,3333,26339.16,22714.44,2187.93,36487.28,26287.03,3179.72,10433.65,6285.94,12733.45,5081.51
2020-07-07,4987,1566.72,2661.42,1373.22,6267.4,3345,25975.66,22614.69,2164.17,36674.52,25890.18,3145.32,10343.89,6189.9,12616.8,5043.73
2020-07-08,5076,1583.5,2669.49,1362.46,6285.5,3403.44,26129.18,22438.65,2158.88,36329.01,26067.28,3169.94,10492.5,6156.16,12494.81,4981.13
2020-07-09,5053,1583.25,2652.65,1365.81,6192.58,3451,26210.16,22529.29,2167.9,36737.69,25706.09,3152.05,10547.75,6049.62,12489.46,4921.01
2020-07-10,5031,1591.84,2652.65,1350.5,6197.38,3383,25727.41,22290.81,2150.25,36594.33,26075.3,3185.04,10617.44,6095.41,12633.71,4970.48
2020-07-13,5064,1606.43,2631.08,1342.37,6172.57,3443,25772.12,22784.74,2186.06,36693.69,26085.8,3155.22,10390.84,6176.19,12799.97,5056.23
2020-07-14,5079,1598.75,2620.19,1341.07,6172.81,3415,25477.89,22587.01,2183.61,36033.06,26642.59,3197.52,10488.58,6179.75,12697.36,5007.46
2020-07-15,5076,1585.56,2648.9,1354.31,6016.51,3361,25481.58,22945.5,2201.88,36051.81,26870.1,3226.56,10550.49,6292.65,12930.98,5108.98
2020-07-16,5098,1565,2623.67,1347.86,6147.66,3210,24970.69,22770.36,2183.76,36471.68,26734.71,3215.57,10473.83,6250.69,12874.97,5085.28
2020-07-17,5080,1596.33,2618.48,1359.58,6088.75,3214,25089.17,22696.42,2201.19,37020.14,26671.95,3224.73,10503.19,6290.3,12919.61,5069.42
2020-07-20,5051,1589.45,2616.3,1358.29,6150.7,3314,25057.99,22717.48,2198.2,37418.99,26680.87,3251.84,10767.09,6261.52,13046.92,5093.18
2020-07-21,5115,1595.93,2629.45,1377,6136.31,3321,25635.66,22884.22,2228.83,37930.33,26840.4,3257.3,10680.36,6269.73,13171.83,5104.28
2020-07-22,5110,1586.98,2594.53,1357.04,6064.26,3333,25057.94,22751.61,2228.66,37871.52,27005.84,3276.02,10706.13,6207.1,13104.25,5037.12
2020-07-23,5145,1606.42,2612.35,1359.65,6029.01,3325.11,25263,22751.61,2216.19,38140.47,26652.33,3235.66,10461.42,6211.44,13103.39,5033.76
2020-07-24,5083,1589.61,2579.51,1340.92,6003.26,3197,24705.33,22751.61,2200.44,38128.9,26469.89,3215.63,10363.18,6123.82,12838.06,4956.43
2020-07-27,5117,1591.48,2575.79,1340.92,5860.94,3205,24603.26,22715.85,2217.86,37934.73,26584.77,3239.41,10536.27,6104.88,12838.66,4939.62
2020-07-28,5113,1609.94,2582.97,1340.92,5927.11,3227.96,24772.76,22657.38,2256.99,38492.95,26379.28,3218.44,10402.09,6129.26,12835.28,4928.94
2020-07-29,5111,1611.42,2573.45,1338.35,5966.27,3295,24883.14,22397.11,2263.16,38071.13,26539.57,3258.44,10542.94,6131.46,12822.26,4958.74
2020-07-30,5150,1603.75,2529.82,1315.74,5928.45,3287,24710.59,22339.23,2267.01,37736.07,26313.65,3246.22,10587.81,5989.99,12379.65,4852.94
2020-07-31,5150,1603.75,2529.82,1328.53,5928.45,3310,24595.35,21710,2249.37,37606.89,26428.32,3271.12,10745.27,5897.76,12313.36,4783.69
2020-08-03,5006,1572.61,2484.91,1321.23,5715.92,3368,24458.13,22195.38,2251.04,36939.6,26664.4,3294.61,10902.8,6032.85,12646.98,4875.93
2020-08-04,5075,1575.94,2515.7,1330.81,5775.5,3372,24946.63,22573.66,2279.97,37687.91,26828.47,3306.51,10941.17,6036,12600.87,4889.52
2020-08-05,5127,1568.13,2532.69,1337.35,5833.58,3378,25102.54,22514.85,2311.86,37663.33,27201.52,3327.77,10998.4,6104.72,12660.25,4933.34
2020-08-06,5178,1588.57,2559.1,1333.22,5902.58,3386,24930.58,22418.15,2342.61,38025.45,27386.98,3349.16,11108.07,6026.94,12591.68,4885.13
2020-08-07,5144,1578.14,2545.51,1324.4,5846.02,3354,24531.62,22329.94,2351.67,38040.57,27433.48,3351.28,11010.98,6032.18,12674.88,4889.52
2020-08-10,5158,1571.66,2545.51,1322.01,5930.92,3379,24377.43,22329.94,2386.38,38182.08,27791.44,3360.47,10968.36,6050.59,12687.53,4909.51
2020-08-11,5190,1564.74,2544.15,1336.84,5953.94,3340.29,24890.68,22750.24,2418.67,38407.01,27686.91,3333.69,10782.82,6154.34,12946.89,5027.99
2020-08-12,5233,1556.64,2563.2,1336.84,5995,3319,25244.02,22843.96,2432.35,38369.63,27976.84,3380.35,11012.24,6280.12,13058.63,5073.31
2020-08-13,5239.25,1576.42,2595.97,1346.69,6097.78,3321,25230.67,23249.61,2437.53,38310.49,27896.72,3373.43,11042.5,6185.62,12993.71,5042.38
2020-08-14,5247.69,1564.59,2581.32,1327.05,6076.91,3360,25183.01,23289.36,2407.49,37877.34,27931.02,3372.85,11019.3,6090.04,12901.34,4962.93
2020-08-17,5247.69,1560.74,2571.55,1320.91,6068.78,3439,25347.34,23096.75,2407.49,38050.78,27844.91,3381.99,11129.73,6127.44,12920.66,4971.94
2020-08-18,5295,1577.85,2563.09,1330.11,6156.45,3451,25367.38,23051.08,2348.24,38528.32,27778.07,3389.78,11210.84,6076.62,12881.76,4938.06
2020-08-19,5272.81,1575.38,2561.04,1308.67,6042.12,3408,25178.91,23110.61,2360.54,38614.79,27692.88,3374.85,11146.46,6111.98,12977.33,4977.23
2020-08-20,5272.81,1575.38,2527.92,1296.79,6005.4,3364,24791.39,22880.62,2274.22,38220.39,27739.73,3385.51,11264.95,6013.34,12830,4911.24
2020-08-21,5272.81,1577.12,2528.54,1299.26,6005.4,3381,25113.84,22920.3,2304.59,38434.72,27930.33,3397.16,11311.8,6001.89,12764.8,4896.33
2020-08-24,5277,1568.58,2538.61,1317.11,5943.58,3386,25551.58,22985.51,2329.83,38799.08,28308.46,3431.28,11379.72,6104.73,13066.54,5007.89
2020-08-25,5339,1554.96,2559.03,1315.99,5953.44,3374,25486.22,23296.77,2366.73,38843.88,28248.44,3443.62,11466.47,6037.01,13061.62,5008.27
2020-08-26,5340,1549.58,2542.08,1322.55,5931.33,3330,25491.79,23290.86,2369.32,39073.92,28331.92,3478.73,11665.06,6045.6,13190.15,5048.43
2020-08-27,5371,1554.78,2519.81,1326.81,5921.55,3350,25281.15,23208.86,2344.45,39113.47,28492.27,3484.55,11625.34,5999.99,13096.36,5015.97
2020-08-28,5347,1525.21,2539.63,1323.31,5884.18,3404,25422.06,22882.65,2353.8,39467.31,28653.87,3508.01,11695.63,5963.57,13033.2,5002.94
2020-08-31,5238,1525.21,2532.51,1310.66,5884.18,3396,25177.05,23139.76,2326.17,38628.29,28430.05,3500.31,11775.46,5963.57,12945.38,4947.22
2020-09-01,5311,1521.43,2538.55,1305.57,5799.24,3411,25184.85,23138.07,2349.55,38900.8,28645.66,3526.65,11939.67,5862.05,12974.25,4938.1
2020-09-02,5311.97,1537.54,2539.94,1315.88,5738.39,3405,25120.09,23247.15,2364.37,39086.03,29100.5,3580.84,12056.44,5940.95,13243.43,5031.74
2020-09-03,5281,1515.4,2531.79,1311.95,5772.86,3385,25007.6,23465.53,2395.9,38990.94,28292.73,3455.06,11458.1,5850.86,13057.77,5009.52
2020-09-04,5240,1515.86,2509.64,1311.95,5785.09,3355,24695.45,23205.43,2368.25,38357.18,28133.31,3426.96,11313.13,5799.08,12842.66,4965.07
2020-09-07,5230,1516.38,2511.21,1311.95,5935.85,3293,24589.65,23089.95,2384.22,38417.23,28133.31,3426.96,11313.13,5937.4,13100.28,5053.72
2020-09-08,5244,1519.32,2504.76,1293.8,6034.03,3316,24624.34,23274.13,2401.91,38365.35,27500.89,3331.84,10847.69,5930.3,12968.33,4973.52
2020-09-09,5149,1496.72,2499.33,1293.4,5932.84,3255,24468.93,23032.54,2375.81,38193.92,27940.47,3398.96,11141.56,6012.84,13237.21,5042.98
2020-09-10,4891,1490.12,2492.09,1290.89,5902.39,3235,24313.54,23235.47,2396.48,38840.32,27534.58,3339.19,10919.59,6003.32,13208.89,5023.93
2020-09-11,5017,1504.85,2490.09,1279.96,5967.96,3260,24503.31,23406.49,2396.69,38854.55,27665.64,3340.97,10853.54,6032.09,13202.84,5034.14
2020-09-14,5162,1511.36,2482.55,1272.34,5997.14,3279,24640.28,23559.3,2427.91,38756.63,27993.33,3383.54,11056.65,6026.25,13193.66,5051.88
2020-09-15,5101,1531.28,2485.83,1286.18,6018.21,3296,24732.76,23454.89,2443.58,39044.35,27995.6,3401.2,11190.32,6105.54,13217.67,5067.93
2020-09-16,5058,1531.28,2505.15,1293.48,5946.62,3284,24725.63,23475.53,2435.92,39302.85,28032.38,3385.49,11050.47,6078.48,13255.37,5074.42
2020-09-17,5038,1513.07,2500.78,1284.4,5943.52,3270,24340.85,23319.37,2406.17,38979.85,27901.98,3357.01,10910.28,6049.92,13208.12,5039.5
2020-09-18,5059,1506.63,2497.71,1288.39,5908.9,3338.09,24455.41,23360.3,2412.4,38845.82,27657.42,3319.47,10793.28,6007.05,13116.25,4978.18
2020-09-21,4999.36,1499.43,2485.71,1275.16,5909.32,3317,23950.69,23360.3,2389.39,38034.14,27147.7,3281.06,10778.8,5804.29,12542.44,4792.04
2020-09-22,4934,1505.78,2463.29,1267.63,5894.28,3274,23716.85,23360.3,2332.59,37734.08,27288.18,3315.57,10963.64,5829.46,12594.39,4772.84
2020-09-23,4918,1496.48,2481.14,1264.01,5892.72,3279.71,23742.51,23346.49,2333.24,37668.42,26763.13,3236.92,10632.99,5899.26,12642.97,4802.26
2020-09-24,4843,1500.8,2450.82,1247.46,5845.8,3223,23311.07,23087.82,2272.7,36553.6,26815.44,3246.59,10672.27,5822.78,12606.57,4762.62
2020-09-25,4946,1509.14,2472.28,1244.94,5838.66,3219,23235.42,23204.62,2278.79,37388.66,27173.96,3298.46,10913.56,5842.67,12469.2,4729.66
2020-09-28,4907,1511.66,2483.01,1263.02,5861.39,3218,23476.05,23511.62,2308.08,37981.63,27584.06,3351.6,11117.53,5927.93,12870.87,4843.27
2020-09-29,4879,1503.9,2471.61,1257.34,5841.6,3224,23275.53,23539.1,2327.89,37973.22,27452.66,3335.47,11085.25,5897.5,12825.82,4832.07
2020-09-30,4870,1504.82,2466.62,1237.04,5864.23,3218,23459.05,23185.12,2327.89,38067.93,27781.7,3363,11167.51,5866.1,12760.73,4803.44
2020-10-01,4970,1496.77,2500.74,1247.59,5944.87,3218,23459.05,23185.12,2327.89,38697.05,27816.9,3380.8,11326.51,5879.45,12730.77,4824.04
2020-10-02,4927,1500.3,2496.11,1237.54,5999.4,3218,23459.05,23029.9,2327.89,38697.05,27682.81,3348.44,11075.02,5902.12,12689.04,4824.88
2020-10-05,4959,1512.43,2517.23,1242.99,5938.95,3218,23767.78,23312.14,2358,38973.7,28148.64,3408.63,11332.49,5942.94,12828.31,4871.87
2020-10-06,4999,1509.47,2529.26,1250.15,5910.64,3218,23980.65,23433.73,2365.9,39574.57,27772.76,3360.95,11154.6,5949.94,12906.02,4895.46
2020-10-07,5004,1489.56,2538.36,1263.71,5867.88,3218,24242.86,23422.82,2386.94,39878.95,28303.46,3419.45,11364.6,5946.25,12928.57,4882
2020-10-08,5039,1519.43,2543.11,1274.83,5942.66,3218,24193.35,23647.07,2391.96,40182.67,28425.51,3446.83,11420.98,5978.03,13042.21,4911.94
2020-10-09,5054,1530.35,2532.96,1267.14,5931.61,3272,24119.13,23619.69,2391.96,40509.49,28586.9,3477.13,11579.94,6016.65,13051.23,4946.81
2020-10-12,5093,1518.43,2552.42,1273.43,5937.05,3358,24649.68,23558.69,2403.73,40593.8,28837.52,3534.22,11876.26,6001.38,13138.41,4979.29
2020-10-13,5133,1525.2,2567.65,1273.43,5923.23,3359.75,24649.68,23601.78,2403.15,40625.51,28679.81,3511.93,11863.9,5969.71,13018.99,4947.61
2020-10-14,5176,1523.25,2555.59,1263.99,5925.3,3341,24667.09,23626.73,2380.48,40794.74,28514,3488.67,11768.73,5935.06,13028.06,4941.66
2020-10-15,5105.15,1513.95,2523.62,1242.96,5938.33,3332,24158.54,23507.23,2361.21,39728.41,28494.2,3483.34,11713.87,5832.52,12703.75,4837.42
2020-10-16,5103,1503.84,2533.02,1233.68,5898.47,3336,24386.79,23410.63,2341.53,39982.98,28606.31,3483.81,11671.56,5919.58,12908.99,4935.86
2020-10-19,5126.33,1518.11,2543.57,1208.75,6019.26,3313,24542.26,23671.13,2346.74,40431.6,28195.42,3426.92,11478.88,5884.65,12854.66,4942.62
2020-10-20,5099.84,1510.97,2528.64,1210.67,6112.71,3328,24569.54,23567.04,2358.41,40544.37,28308.79,3443.12,11516.49,5889.22,12736.95,4929.28
2020-10-21,5096,1492.4,2525.61,1216.48,6278.59,3325,24754.42,23639.46,2370.86,40707.31,28210.82,3435.56,11484.69,5776.5,12557.64,4853.95
2020-10-22,5092,1498.8,2528.41,1213.61,6344.63,3313,24786.13,23474.27,2355.05,40558.49,28363.66,3453.49,11506.01,5785.65,12543.06,4851.38
2020-10-23,5112,1494.64,2537.39,1213.61,6484.06,3278,24918.78,23516.59,2360.81,40685.5,28335.57,3465.39,11548.28,5860.28,12645.75,4909.64
2020-10-26,5144,1494.61,2523.31,1207.97,6491.19,3251,24918.78,23494.34,2343.91,40145.5,27685.38,3400.97,11358.94,5792.01,12177.18,4816.12
2020-10-27,5128,1500.35,2512.87,1208.95,6415.08,3254,24787.19,23485.8,2330.84,40522.1,27463.19,3390.68,11431.35,5728.99,12063.57,4730.66
2020-10-28,5128,1495.2,2483.48,1207.94,6377.79,3269,24708.8,23418.51,2345.26,39922.46,26519.95,3271.03,11004.87,5582.8,11560.51,4571.12
2020-10-29,5128,1495.2,2450.68,1201.64,6249.39,3273,24586.6,23331.94,2326.67,39749.85,26659.11,3310.11,11185.59,5581.75,11598.07,4569.67
2020-10-30,5128,1466.89,2423.84,1194.95,6324,3225,24107.42,22977.13,2267.15,39614.07,26501.6,3269.96,10911.59,5577.27,11556.48,4594.24
2020-11-02,5115,1466.46,2443.13,1202.16,6324,3225.12,24460.01,23295.48,2300.16,39757.58,26925.05,3310.24,10957.61,5654.97,11788.28,4691.14
2020-11-03,5159,1461.45,2497.22,1221.33,6335.56,3271,24939.73,23295.48,2343.31,40261.13,27480.03,3369.16,11160.57,5786.77,12088.98,4805.61
2020-11-04,5105,1464.61,2515.98,1222.44,6464.05,3277.44,24886.14,23695.23,2357.32,40616.14,27847.66,3443.44,11590.78,5883.26,12324.22,4922.85
2020-11-05,5260,1501.49,2588.62,1264.32,6644.77,3320,25695.92,24105.28,2413.79,41340.16,28390.18,3510.45,11890.93,5906.18,12568.09,4983.99
2020-11-06,5336,1519.64,2578.68,1260.08,6685.69,3312,25712.97,24325.23,2416.5,41893.06,28323.4,3509.44,11895.23,5910.02,12480.02,4960.88
2020-11-09,5356,1524.32,2609.36,1285.88,6685.85,3374,26016.17,24839.84,2447.2,42597.43,29157.97,3550.5,11713.78,6186.29,13095.97,5336.32
2020-11-10,5463,1575.07,2705,1341.24,7035.48,3360,26301.48,24905.59,2452.83,43277.65,29420.92,3545.53,11553.86,6296.85,13163.11,5418.97
2020-11-11,5510,1570.08,2713.28,1345.34,7024.26,3342,26226.98,25349.6,2485.87,43593.67,29397.63,3572.66,11786.43,6382.1,13216.18,5445.21
2020-11-12,5459,1590.78,2711.9,1336.31,7024.26,3339,26169.38,25520.88,2475.62,43357.19,29080.17,3537.01,11709.59,6338.94,13052.95,5362.57
2020-11-13,5461,1589.69,2711.39,1346.47,6969.88,3310,26156.86,25385.87,2493.87,43443,29479.81,3585.15,11829.29,6316.39,13076.72,5380.16
2020-11-16,5495,1599.66,2748,1351.06,6918.05,3347,26381.67,25906.93,2543.03,43637.98,29950.44,3626.91,11924.13,6421.29,13138.61,5471.48
2020-11-17,5529.94,1610.15,2778.55,1349.81,6959.14,3340,26415.09,26014.62,2539.15,43952.71,29783.35,3609.53,11899.34,6365.33,13133.47,5483
2020-11-18,5558,1604.75,2788.59,1364.59,7051.78,3347,26544.29,25728.14,2545.64,44180.05,29438.42,3567.79,11801.6,6385.24,13201.89,5511.45
2020-11-19,5594,1583.68,2777,1369.42,6997.62,3363,26356.97,25634.34,2547.42,43599.96,29483.23,3581.87,11904.71,6334.35,13086.16,5474.66
2020-11-20,5572,1593.75,2813.01,1389.34,7169.79,3378,26451.54,25527.37,2553.5,43882.25,29263.48,3557.54,11854.97,6351.45,13137.25,5495.89
2020-11-23,5653,1597.48,2848.78,1420.43,7178.62,3414.49,26486.2,25527.37,2602.59,44077.15,29591.27,3577.59,11880.63,6333.84,13126.97,5492.15
2020-11-24,5701,1578.39,2891.63,1401.63,7108.67,3403,26588.2,26165.59,2617.76,44523.02,30046.24,3635.41,12036.79,6432.17,13292.44,5558.42
2020-11-25,5679,1597.58,2869.55,1415.72,7001.51,3362,26669.75,26296.86,2601.54,43828.1,29872.47,3629.65,12094.4,6391.09,13289.8,5571.29
2020-11-26,5760,1612.11,2857.48,1433.56,6927.75,3370,26819.45,26537.31,2625.91,44259.74,29872.47,3629.65,12094.4,6362.93,13286.57,5566.79
2020-11-27,5783,1607.59,2855.82,1437.78,6791.46,3408,26894.68,26644.71,2633.45,44149.72,29910.37,3638.35,12205.85,6367.58,13335.68,5598.18
2020-11-30,5612,1562.71,2805.95,1408.31,6791.46,3392,26341.49,26433.62,2591.34,44149.72,29638.64,3621.63,12198.74,6266.19,13291.16,5518.55
2020-12-01,5725,1602.26,2814.12,1420.87,7009.56,3452,26567.68,26787.54,2634.25,44655.44,29823.92,3662.45,12355.11,6384.73,13382.3,5581.64
2020-12-02,5814,1598.72,2810.95,1417.95,7080.62,3449,26532.58,26800.98,2675.9,44618.04,29883.79,3669.01,12349.37,6463.39,13313.24,5583.01
2020-12-03,5823,1628.26,2822.34,1438.32,7194.13,3442,26728.5,26809.37,2696.22,44632.65,29969.52,3666.72,12377.18,6490.27,13252.86,5574.36
2020-12-04,5810,1621.85,2839.89,1449.83,7134.56,3445,26835.92,26751.24,2731.45,45079.55,30218.26,3699.12,12464.23,6550.23,13298.96,5609.15
2020-12-07,5931,1622.89,2825.51,1449.83,7203.67,3417,26506.85,26547.44,2745.44,45426.97,30069.79,3691.96,12519.95,6555.39,13271,5573.38
2020-12-08,5944,1631.7,2825.63,1478.92,7203.67,3410,26304.56,26467.08,2700.93,45608.51,30173.88,3702.25,12582.77,6558.82,13278.49,5560.67
2020-12-09,5944,1646.53,2843.07,1482.67,7102.66,3372,26502.84,26817.94,2755.47,46103.5,30068.81,3672.82,12338.95,6564.29,13340.26,5546.82
2020-12-10,5934,1654.39,2824.96,1482.67,7154.43,3373,26410.59,26756.24,2746.46,45959.88,29999.26,3668.1,12405.81,6599.76,13295.73,5549.65
2020-12-11,5938,1684.58,2821.7,1482.67,7246.16,3347,26505.87,26652.52,2770.06,46099.01,30046.37,3663.46,12377.87,6546.75,13114.3,5507.55
2020-12-14,6013,1662.74,2858.14,1476.13,7281.35,3369.12,26389.52,26732.44,2762.2,46253.46,29861.55,3647.49,12440.04,6531.83,13223.16,5527.84
2020-12-15,6010,1674.02,2856.72,1477.21,7227.73,3367,26207.29,26687.84,2756.82,46263.17,30199.31,3694.62,12595.06,6513.32,13362.87,5530.31
2020-12-16,6118,1681.41,2872.8,1482.09,7299.7,3367,26460.29,26757.4,2771.79,46666.46,30154.54,3701.17,12658.19,6570.91,13565.98,5547.68
2020-12-17,6113,1674.35,2858.02,1483.89,7298.02,3405,26678.38,26806.67,2770.43,46890.34,30303.37,3722.48,12764.75,6551.06,13667.25,5549.46
2020-12-18,6104,1652.49,2848.98,1482.38,7272.8,3395,26498.6,26763.39,2772.18,46960.69,30179.05,3709.41,12755.64,6529.18,13630.51,5527.84
2020-12-21,6166,1647.89,2846.52,1401.78,7224.89,3421,26306.68,26714.42,2778.65,45553.96,30216.45,3694.92,12742.52,6416.32,13246.3,5393.34
2020-12-22,6023,1631.92,2827.32,1424.39,7202.39,3357,26119.25,26436.39,2733.68,46006.69,30015.51,3687.26,12807.92,6453.16,13418.11,5466.86
2020-12-23,6009,1647.5,2833.4,1416.02,7204.38,3382.32,26343.1,26524.79,2759.82,46444.18,30129.83,3690.01,12771.11,6495.75,13587.23,5527.59
2020-12-24,6009,1641.17,2842.04,1451.52,7204.38,3363,26386.56,26668.35,2806.86,46973.54,30199.87,3703.06,12804.73,6502.11,13587.23,5522.01
2020-12-25,6009,1641.17,2842.04,1486.31,7204.38,3397,26386.56,26656.61,2806.86,46973.54,30199.87,3703.06,12804.73,6502.11,13587.23,5522.01
2020-12-28,6094,1643.9,2840.14,1452.67,7122.25,3397,26314.63,26854.03,2808.6,47353.75,30403.97,3735.36,12899.42,6502.11,13790.29,5588.38
2020-12-29,6036,1634.99,2848.14,1461.95,7139.71,3379,26568.49,27568.15,2820.51,47613.08,30335.67,3727.04,12850.22,6602.65,13761.38,5611.79
2020-12-30,5979,1644.41,2869.22,1449.35,7139.71,3414,27147.11,27444.17,2873.47,47746.22,30409.56,3732.04,12870,6555.82,13718.78,5599.41
2020-12-31,5979,1627.21,2843.81,1449.35,7139.71,3473,27231.13,27444.17,2873.47,47751.33,30606.48,3756.07,12888.28,6460.52,13718.78,5551.41
2021-01-01,5979,1627.21,2843.81,1449.35,7139.71,3473,27231.13,27444.17,2873.47,47868.98,30606.48,3756.07,12888.28,6460.52,13718.78,5551.41
2021-01-04,6105,1602.57,2858.9,1468.24,7197.5,3503,27472.81,27258.38,2944.45,48176.8,30223.89,3700.65,12698.45,6571.88,13726.74,5588.96
2021-01-05,6137,1608.35,2859.68,1506.65,7134.18,3529,27649.86,27158.63,2990.57,48437.78,30391.6,3726.86,12818.96,6612.25,13651.22,5564.6
2021-01-06,6066,1591.97,2863.01,1492.36,7047.85,3551,27692.3,27055.94,2968.21,48174.06,30829.4,3748.14,12740.79,6841.86,13891.97,5630.6
2021-01-07,6154,1602.95,2906.97,1513.78,7119.61,3576,27548.52,27490.13,3031.68,48093.32,31041.13,3803.79,13067.48,6856.96,13968.24,5669.85
2021-01-08,6258,1633.19,2993.19,1536.44,7289.88,3570,27878.22,28139.03,3152.18,48782.51,31097.97,3824.68,13201.98,6873.26,14049.53,5706.88
2021-01-11,6383,1617.25,2983.9,1536.49,7304.79,3531,27908.22,28139.03,3148.45,49269.32,31008.69,3799.61,13036.43,6798.48,13936.66,5662.43
2021-01-12,6396,1612.04,2977.17,1539.85,7258.11,3608,28276.75,28164.34,3125.95,49517.11,31068.69,3801.19,13072.43,6754.11,13925.06,5650.97
2021-01-13,6435,1636.69,2977.51,1547.31,7242.85,3599,28235.6,28456.59,3148.29,49492.32,31060.47,3809.84,13128.95,6745.52,13939.71,5662.67
2021-01-14,6428,1635.71,3000,1535.98,7273.15,3566,28496.86,28698.26,3149.93,49584.16,30991.52,3795.54,13112.64,6801.96,13988.7,5681.14
2021-01-15,6373,1627.01,3004.87,1519.13,7238.46,3566,28573.86,28519.18,3085.9,49034.67,30814.26,3768.25,12998.5,6735.71,13787.73,5611.69
2021-01-18,6390,1609.52,2990.4,1510.13,7203.44,3596,28862.77,28242.21,3013.93,48564.27,30814.26,3768.25,12998.5,6720.65,13848.35,5617.27
2021-01-19,6322,1601.88,2995.92,1522.59,7198.45,3566,29642.28,28633.46,3092.66,49398.29,30930.52,3798.91,13197.18,6712.95,13815.06,5598.61
2021-01-20,6430,1601.54,2998.77,1515.72,7143.3,3583,29962.47,28523.26,3114.55,49792.12,31188.38,3851.85,13457.25,6740.39,13921.37,5628.44
2021-01-21,6414,1594.8,3017.15,1513.51,7140.29,3621,29927.76,28756.86,3160.84,49624.76,31176.01,3853.07,13530.92,6715.42,13906.67,5590.79
2021-01-22,6307,1596.74,2991.53,1497.88,7045.83,3606.75,29447.85,28631.45,3140.63,48878.54,30996.98,3841.47,13543.06,6695.07,13873.97,5559.57
2021-01-25,6259,1576.62,2973.65,1501.62,7071.5,3624,30159.01,28822.29,3208.99,48347.59,30960,3855.36,13635.99,6638.85,13643.95,5472.36
2021-01-26,6140,1575.31,2945.52,1512.83,6977.16,3569,29391.26,28546.18,3140.31,48347.59,30937.04,3849.62,13626.06,6654.01,13870.99,5523.52
2021-01-27,6109,1580.62,2958.63,1498.13,6863.61,3573,29297.53,28635.21,3122.56,47409.93,30303.17,3750.77,13270.6,6567.37,13620.46,5459.62
2021-01-28,5979,1580.62,2920.3,1468.51,6851.84,3505,28550.77,28197.42,3069.05,46874.36,30603.36,3787.38,13337.16,6526.15,13665.93,5510.52
2021-01-29,5862,1566.4,2902.52,1466.98,6612.62,3483,28283.71,27663.39,2976.21,46285.77,29982.62,3714.24,13070.69,6407.46,13432.87,5399.21
2021-02-01,6068,1566.4,2896.32,1478.05,6814.76,3505,28892.86,28091.05,3056.53,48600.61,30211.91,3773.86,13403.39,6466.42,13622.02,5461.68
2021-02-02,6044,1580.49,2917.29,1486.25,6867.88,3534,29248.7,28362.17,3096.81,49797.72,30687.48,3826.31,13612.78,6516.65,13835.16,5563.11
2021-02-03,6078,1582.99,2927.47,1481.75,6859.46,3517,29307.46,28646.5,3129.68,50255.75,30723.6,3830.17,13610.54,6507.82,13933.63,5563.05
2021-02-04,6107,1584.9,2905.58,1482.98,6903.75,3502,29113.5,28341.95,3087.55,50614.29,31055.86,3871.74,13777.74,6503.72,14060.29,5608.54
2021-02-05,6152,1578.63,2907.11,1496.61,7019.18,3496,29288.68,28779.19,3120.63,50731.63,31148.24,3886.83,13856.3,6489.33,14056.72,5659.26
2021-02-08,6209,1573.33,2931.4,1516.43,7024.48,3532,29319.47,29388.5,3091.24,51348.77,31385.76,3915.59,13987.64,6523.53,14059.91,5686.03
2021-02-09,6182,1586.13,2935.27,1518.27,7065.55,3603,29476.19,29505.93,3084.67,51329.08,31375.83,3911.23,14007.7,6531.56,14011.8,5691.54
2021-02-10,6202,1596.85,2925.84,1516.94,7082.15,3655,30038.72,29562.93,3100.58,51309.39,31437.8,3909.88,13972.53,6524.36,13932.97,5670.8
2021-02-11,6223,1599.42,2925.48,1508.35,6991.01,3655,30173.57,29562.93,3100.58,51531.52,31430.7,3916.38,14025.77,6528.72,14040.91,5669.82
2021-02-12,6223,1599.42,2925.48,1508.35,6991.01,3655,30173.57,29520.07,3100.58,51544.3,31458.4,3934.83,14095.47,6589.79,14049.89,5703.67
2021-02-15,6270,1608.07,2931.52,1522.72,6959.21,3655,30173.57,30084.15,3147,52154.13,31458.4,3934.83,14095.47,6756.11,14109.48,5786.25
2021-02-16,6292,1606.14,2935.34,1523.11,7044.06,3655,30746.66,30467.75,3163.25,52104.17,31522.75,3932.59,14047.5,6748.86,14064.6,5786.53
2021-02-17,6228,1595.29,2920.43,1514.91,6966.43,3655,31084.94,30292.19,3133.73,51703.83,31613.02,3931.33,13965.5,6710.9,13909.27,5765.84
2021-02-18,6200,1575.84,2908.85,1511.03,6849.64,3675,30595.27,30236.09,3086.66,51324.69,31493.34,3913.97,13865.36,6617.15,13886.93,5728.33
2021-02-19,6232,1584.93,2880.64,1500.51,6926.41,3696,30644.73,30017.92,3107.62,50889.76,31494.32,3906.71,13874.47,6624.02,13993.23,5773.55
2021-02-22,6255,1570.46,2881.21,1478.14,6810.34,3642,30319.83,30156.03,3079.75,49744.32,31521.69,3876.5,13533.05,6612.24,13950.04,5767.44
2021-02-23,6273,1565.05,2890.7,1500.61,6814.67,3636,30632.64,30156.03,3070.09,49751.41,31537.35,3881.37,13465.2,6625.94,13864.81,5779.84
2021-02-24,6251,1557.55,2924.58,1491.11,6755.95,3564.08,29718.24,29671.7,2994.98,50781.69,31961.86,3925.43,13597.97,6658.97,13976,5797.98
2021-02-25,6290,1581.54,2973.54,1496.78,6755.95,3585,30074.17,30168.27,3099.69,51039.31,31402.01,3829.34,13119.43,6651.96,13879.33,5783.89
2021-02-26,6242,1577.75,2949.04,1496.78,6794.86,3509.08,28980.21,28966.01,3012.95,49099.99,30932.37,3811.15,13192.35,6483.43,13786.29,5703.22
2021-03-01,6339,1567.14,2973,1500.92,6872.97,3551.4,29452.57,29663.5,3012.95,49849.84,31535.51,3901.82,13588.83,6588.53,14012.82,5792.79
2021-03-02,6359,1569.87,2973.87,1503.36,6919.54,3509,29095.86,29408.17,3043.87,50296.89,31391.52,3870.29,13358.79,6613.75,14039.8,5809.73
2021-03-03,6377,1588.45,3000.37,1543.4,6942.76,3577,29880.42,29559.1,3082.99,51444.65,31270.09,3819.72,12997.75,6675.47,14080.03,5830.06
2021-03-04,6291,1581.26,3014.78,1534.11,6882.49,3503,29236.79,28930.11,3043.49,50846.08,30924.14,3768.47,12723.47,6650.88,14056.34,5830.65
2021-03-05,6259,1600.12,3013.85,1544.11,6881.37,3502,29098.29,28864.32,3026.26,50405.32,31496.3,3841.94,12920.15,6630.52,13920.69,5782.65
2021-03-08,6248,1611.81,3071.16,1543.76,6756.92,3421,28540.83,28743.25,2996.11,50441.07,31802.44,3821.35,12609.16,6719.13,14380.91,5902.99
2021-03-09,6200,1624.78,3108.53,1550.59,6766.83,3359,28773.23,29027.94,2976.12,51025.48,31832.74,3875.44,13073.82,6730.34,14437.94,5924.97
2021-03-10,6265,1639.83,3079.72,1573.05,6808.32,3358,28907.52,29036.56,2958.12,51279.51,32297.02,3898.81,13068.83,6725.6,14540.25,5990.55
2021-03-11,6265,1629.41,3106.01,1575.13,6719.18,3437,29385.61,29211.64,3013.7,51279.51,32485.59,3939.34,13398.67,6736.96,14569.39,6033.76
2021-03-12,6358,1615.69,3095.22,1568.19,6728.55,3453,28739.72,29717.83,3054.39,50792.08,32778.64,3943.34,13319.86,6761.47,14502.39,6046.55
2021-03-15,6324,1620.92,3106,1565.73,6552.46,3420,28833.76,29766.97,3045.71,50395.08,32953.46,3968.94,13459.71,6749.7,14461.42,6035.97
2021-03-16,6310,1623.96,3105.51,1564.03,6559.08,3447,29027.69,29921.09,3067.17,50363.96,32825.95,3962.71,13471.57,6803.61,14557.58,6055.43
2021-03-17,6277,1624.97,3109.65,1566.76,6566.83,3446,29034.12,29914.33,3047.5,49801.62,33015.37,3974.12,13525.2,6762.67,14596.61,6054.82
2021-03-18,6348,1627.99,3137.66,1568.82,6630.85,3463,29405.72,30216.75,3066.01,49216.52,32862.3,3915.46,13116.17,6779.68,14775.52,6062.79
2021-03-19,6356.16,1626.19,3134.54,1563.96,6436.1,3405,28990.94,29792.05,3039.53,49858.24,32627.97,3913.1,13215.24,6708.71,14621,5997.96
2021-03-22,6301,1616.73,3128.08,1566.36,6395.17,3443,28885.34,29174.15,3035.46,49771.29,32731.2,3940.59,13377.54,6726.1,14657.21,5968.48
2021-03-23,6253,1595.29,3131.74,1564.25,6446.35,3412,28497.38,28995.92,3004.74,50051.44,32423.15,3910.52,13227.7,6699.19,14662.02,5945.3
2021-03-24,6156.14,1602.4,3133.31,1570.83,6497.01,3367,27918.14,28405.52,2996.35,49180.31,32420.06,3889.14,12961.89,6712.89,14610.39,5947.29
2021-03-25,6123,1597.73,3141.71,1571.04,6581,3364,27899.61,28729.88,3008.33,48440.12,32619.48,3909.52,12977.68,6674.83,14621.36,5952.41
2021-03-26,6196,1601.42,3157.95,1574.86,6544.63,3418,28336.43,29176.7,3041.01,49008.5,33072.88,3974.54,13138.72,6740.59,14748.94,5988.81
2021-03-29,6167,1611.28,3175.57,1583.89,6607.78,3435,28338.3,29384.52,3036.04,49008.5,33171.37,3971.09,13059.65,6736.17,14817.72,6015.51
2021-03-30,6071,1609.19,3190.89,1589.53,6545.55,3457,28577.5,29432.7,3070,50136.58,33066.96,3958.55,13045.39,6772.12,15008.61,6088.04
2021-03-31,5986,1573.51,3165.34,1587.21,6443.09,3442,28378.35,29178.8,3061.42,49509.15,32981.55,3972.89,13246.87,6713.63,15008.34,6067.23
2021-04-01,6011,1582.64,3181.68,1595.12,6443.09,3466,28938.74,29388.87,3087.4,50029.83,33153.21,4019.87,13480.11,6737.3,15107.17,6102.96
2021-04-02,6011,1585.35,3181.68,1596.27,6443.09,3484,28938.74,29854,3112.8,50029.83,33153.21,4019.87,13480.11,6737.3,15107.17,6102.96
2021-04-05,5970,1584.24,3209.74,1579.66,6495.15,3484,28938.74,30089.25,3120.83,49159.32,33527.19,4077.91,13705.59,6737.3,15107.17,6102.96
2021-04-06,6002.77,1578.91,3207.63,1579.66,6590.11,3483,28938.74,29696.63,3127.08,49201.39,33430.24,4073.94,13698.38,6823.55,15212.68,6131.34
2021-04-07,6037,1600.59,3195.76,1556.56,6651.71,3480,28674.8,29730.79,3137.41,49661.76,33446.26,4079.95,13688.84,6885.32,15176.36,6130.66
2021-04-08,6072,1602.4,3186.4,1558.83,6545.17,3483,29008.07,29708.98,3143.26,49746.21,33503.57,4097.17,13829.31,6942.22,15202.68,6165.72
2021-04-09,6070,1612.25,3184.54,1566.34,6545.17,3451,28698.8,29768.06,3131.88,49591.32,33800.6,4128.8,13900.19,6915.75,15234.16,6169.41
2021-04-12,5949,1608.42,3173.93,1541.12,6518.64,3413,28453.28,29538.73,3135.59,47883.38,33745.4,4127.99,13850,6889.12,15215,6161.68
2021-04-13,5927,1597.71,3187.9,1541.12,6457.79,3396.47,28497.25,29751.61,3169.08,48544.06,33677.27,4141.59,13996.1,6890.49,15234.36,6184.1
2021-04-14,6050,1598.28,3179.39,1541.12,6523.21,3417,28900.83,29620.99,3182.38,48544.06,33730.89,4124.66,13857.84,6939.58,15209.15,6208.58
2021-04-15,6080,1608.25,3184.77,1541.12,6539.96,3399,28793.14,29642.69,3194.33,48803.68,34035.99,4170.42,14038.76,6983.5,15255.33,6234.14
2021-04-16,6086,1608.38,3201.76,1548.96,6494.81,3427,28969.71,29683.37,3198.62,48832.03,34200.67,4185.47,14052.34,7019.53,15459.75,6287.07
2021-04-19,6052.54,1600.29,3209.72,1574.91,6459.76,3478,29106.15,29685.37,3198.84,47949.42,34077.63,4163.26,13914.77,7000.08,15368.39,6296.69
2021-04-20,6038,1607.57,3192.17,1580.04,6500.42,3473,29135.73,29100.38,3220.7,47705.8,33821.3,4134.94,13786.27,6859.87,15129.51,6165.11
2021-04-21,5993,1596.58,3155.06,1580.01,6439.39,3472.93,28621.92,28508.55,3171.66,47705.8,34137.31,4173.42,13950.22,6895.29,15195.97,6210.55
2021-04-22,5994,1607.73,3187.78,1568.21,6415.53,3465,28755.34,29188.17,3177.52,48080.67,33815.9,4134.98,13818.41,6938.24,15320.52,6267.28
2021-04-23,6017,1608.43,3194.04,1553.59,6378.07,3474,29078.75,29020.63,3186.1,47878.45,34043.49,4180.17,14016.81,6938.56,15279.62,6257.94
2021-04-26,5965,1623.47,3204.9,1559.53,6389.38,3441,28952.83,29126.23,3217.53,48386.51,33981.57,4187.62,14138.78,6963.12,15296.34,6275.52
2021-04-27,5960,1606.68,3214.43,1559.23,6356.47,3443,28941.54,28991.89,3215.42,48944.14,33984.93,4186.72,14090.22,6944.97,15249.27,6273.76
2021-04-28,5974,1608.5,3219.56,1576.79,6469.14,3457,29071.34,29053.97,3181.47,49733.84,33820.38,4183.18,14051.03,6963.67,15292.18,6306.98
2021-04-29,6013,1608.5,3221.58,1590.46,6487.51,3475,29303.26,29053.97,3174.07,49765.94,34060.36,4211.47,14082.55,6961.48,15154.2,6302.57
2021-04-30,5996,1601.65,3218.27,1583.13,6370.87,3447,28724.88,28812.63,3147.86,48782.36,33874.85,4181.17,13962.68,6969.81,15135.91,6269.48
2021-05-03,5953,1590.73,3184.76,1583.13,6369.28,3447,28357.54,28812.63,3127.2,48718.52,34113.23,4192.66,13895.12,6969.81,15236.47,6307.9
2021-05-04,5963.82,1588.25,3179.13,1583.13,6359.15,3447,28557.14,28812.63,3147.37,48253.51,34133.03,4164.66,13633.5,6923.17,14856.48,6251.75
2021-05-05,5976,1575.67,3153.59,1549.22,6299.69,3447,28417.98,28812.63,3147.37,48677.55,34230.34,4167.59,13582.42,7039.3,15170.78,6339.47
2021-05-06,5970.24,1578.33,3173,1571.91,6282.78,3441,28637.46,29331.37,3178.74,48949.76,34548.53,4201.62,13632.84,7076.17,15196.74,6357.09
2021-05-07,5928,1587.45,3200.26,1585.03,6258.71,3419,28610.65,29357.82,3197.2,49206.47,34777.76,4232.6,13752.24,7129.71,15399.65,6385.51
2021-05-10,5976,1583.92,3182.41,1588.15,6317.41,3428,28595.66,29518.34,3249.3,49502.41,34742.82,4188.43,13401.86,7123.68,15400.41,6385.99
2021-05-11,5938,1577.64,3144.27,1578.93,6326.83,3442,28013.81,28608.59,3209.43,49161.81,34269.16,4152.1,13389.43,6947.99,15119.75,6267.39
2021-05-12,5938,1582.52,3123.26,1571.85,6236.4,3463,28231.04,28147.51,3161.66,48690.8,33587.66,4063.04,13031.68,7004.63,15150.22,6279.35
2021-05-13,5938,1582.52,3123.26,1548.13,6236.4,3430,27718.67,27448.01,3122.11,48690.8,34021.45,4112.5,13124.99,6963.33,15199.68,6288.33
2021-05-14,5938,1582.52,3055.02,1549.48,6269.36,3490,28027.57,28084.47,3153.32,48732.55,34382.13,4173.85,13429.98,7043.61,15416.64,6385.14
2021-05-17,5833.86,1583.46,3079.69,1549.16,6283.58,3518,28194.09,27824.83,3134.52,49580.73,34327.79,4163.29,13379.05,7032.85,15396.62,6367.35
2021-05-18,5834,1591.32,3142.63,1566.8,6244.74,3529,28593.81,28406.84,3173.05,50193.33,34060.66,4127.83,13303.64,7034.24,15386.58,6353.67
2021-05-19,5761,1580.52,3104.21,1562.24,6245.71,3511,28593.81,28044.45,3173.05,49902.64,33896.04,4115.68,13299.74,6950.2,15113.56,6262.55
2021-05-20,5798,1575.32,3109.81,1554.54,6197.64,3507,28450.29,28098.25,3162.28,49564.86,34084.15,4159.12,13535.74,7019.79,15370.26,6343.58
2021-05-21,5773.12,1562.17,3117.89,1552.44,6199.25,3487,28458.44,28317.83,3156.42,50540.48,34207.84,4155.86,13470.99,7018.05,15437.51,6386.41
2021-05-24,5764,1571.82,3123.61,1551.85,6164.89,3497,28412.26,28364.61,3144.3,50651.9,34393.98,4197.05,13661.17,7051.59,15437.51,6408.49
2021-05-25,5815.84,1577.82,3146.09,1568.58,6196.71,3581,28910.86,28553.98,3171.32,50637.53,34312.46,4188.13,13657.17,7029.79,15465.09,6390.27
2021-05-26,5815.84,1577.82,3146.09,1568.58,6341.24,3593,29166.01,28642.19,3168.43,51017.52,34323.05,4195.99,13738,7026.93,15450.72,6391.6
2021-05-27,5842,1593.9,3164.82,1582.96,6665.14,3609,29113.2,28549.01,3165.51,51115.22,34464.64,4200.88,13736.28,7019.67,15406.73,6435.71
2021-05-28,5849,1594.44,3178.5,1581.98,6674.51,3601,29124.41,29149.41,3188.73,51422.88,34529.45,4204.11,13748.74,7022.61,15519.98,6484.11
2021-05-31,5947,1583.55,3164.28,1593.59,6628.49,3615,29151.8,28860.08,3203.92,51937.44,34529.45,4204.11,13748.74,7022.61,15421.13,6447.17
2021-06-01,5947,1585.9,3187.23,1618.59,6627.43,3625,29468,28814.34,3221.87,51934.88,34575.31,4202.04,13736.48,7080.46,15567.36,6489.4
2021-06-02,6032,1597.94,3161.04,1617.55,6841.69,3597,29297.62,28946.14,3224.23,51849.48,34600.38,4208.12,13756.33,7108,15602.71,6521.52
2021-06-03,6092,1590.57,3165,1617.55,6791.87,3584,28966.03,29058.11,3247.43,52232.43,34577.04,4192.85,13614.51,7064.35,15632.67,6507.92
2021-06-04,6065,1578.45,3151.04,1611.53,6796.34,3592,28918.1,28941.52,3240.08,52100.05,34756.39,4229.89,13814.49,7069.04,15692.9,6515.66
2021-06-07,6070,1578.45,3175.81,1612.59,6763.92,3600,28787.28,29019.24,3252.12,52328.51,34630.24,4226.52,13881.72,7077.22,15677.15,6543.56
2021-06-08,5999,1587.96,3167.14,1612.88,6809.72,3580,28781.38,28963.56,3247.83,52275.57,34599.82,4227.26,13924.91,7095.09,15640.6,6551.01
2021-06-09,6047,1581.48,3153.47,1626.27,6902.54,3591,28742.63,28860.8,3216.18,51941.64,34447.14,4219.55,13911.75,7081.01,15581.14,6563.45
2021-06-10,6108,1579.9,3162.5,1625.27,6875.71,3611,28738.88,28958.56,3224.64,52300.47,34466.24,4239.18,14020.33,7088.18,15571.22,6546.49
2021-06-11,6095,1575.16,3157.97,1636.56,6907.79,3590,28842.13,28948.73,3249.32,52474.76,34479.6,4247.44,14069.42,7134.06,15693.27,6600.66
2021-06-14,6080,1582.46,3153.14,1633.06,6917.49,3590,28842.13,29161.8,3252.13,52551.53,34393.75,4255.15,14174.14,7146.68,15673.64,6616.35
2021-06-15,6089,1581.37,3174.87,1622.31,6976.73,3557,28638.53,29441.3,3258.63,52773.05,34299.33,4246.59,14072.86,7172.48,15729.52,6639.52
2021-06-16,6079,1578.32,3139.57,1624.79,6973.35,3518,28436.84,29291.01,3278.68,52501.98,34033.67,4223.7,14039.68,7184.95,15710.57,6652.65
2021-06-17,6068,1570.86,3138.31,1617.65,6887.92,3526,28558.59,29018.33,3264.96,52323.33,33823.45,4221.86,14161.35,7153.43,15727.67,6666.26
2021-06-18,6007.12,1589.05,3144.16,1612.98,6851.38,3525,28801.27,28964.08,3267.93,52344.45,33290.08,4166.45,14030.38,7017.47,15448.04,6569.16
2021-06-21,5996,1572.24,3117.87,1601.13,6827.17,3529,28489,28010.93,3240.79,52574.46,33876.97,4224.79,14141.48,7062.29,15603.24,6602.54
2021-06-22,6088,1574.02,3109.2,1599.23,6870.41,3557,28309.76,28884.13,3263.88,52588.71,33945.58,4246.44,14253.27,7090.01,15636.33,6611.5
2021-06-23,6035,1564.76,3118.62,1592.08,6918.41,3566.22,28817.07,28874.89,3276.19,52306.08,33874.24,4241.84,14271.73,7074.06,15456.39,6551.07
2021-06-24,6012,1555.71,3119.62,1585.72,6886,3567,28882.46,28875.23,3286.1,52699,34196.82,4266.49,14369.71,7109.97,15589.23,6631.15
2021-06-25,6022,1559.68,3121.6,1582.67,6950.51,3608,29288.22,29066.18,3302.84,52925.04,34433.84,4280.7,14360.39,7136.07,15607.97,6622.87
2021-06-28,5939,1544.71,3126.88,1579.17,6937.96,3606,29268.3,29048.02,3301.89,52735.59,34283.27,4290.61,14500.51,7072.97,15554.18,6558.02
2021-06-29,5949.05,1548.31,3089.49,1591.43,6956.65,3573,28994.1,28812.61,3286.68,52549.66,34292.29,4291.8,14528.33,7087.55,15690.59,6567.43
2021-06-30,5985,1532.63,3130.46,1587.79,6901.91,3591,28827.95,28791.53,3296.68,52482.71,34502.51,4297.5,14503.95,7037.47,15531.04,6507.83
2021-07-01,6006,1534.23,3124.19,1593.75,6964.01,3589,28827.95,28707.04,3282.06,52318.6,34633.53,4319.94,14522.38,7125.16,15603.81,6553.82
2021-07-02,6023,1533.35,3128.95,1578.49,7002.26,3518.76,28310.42,28783.28,3281.78,52484.67,34786.35,4352.34,14639.33,7123.27,15650.09,6552.86
2021-07-05,6006,1532.36,3141.02,1579.28,7036.38,3534,28143.5,28598.19,3293.21,52880,34786.35,4352.34,14639.33,7164.91,15661.97,6567.54
2021-07-06,6047,1531.63,3190.59,1591.43,6992.43,3530,28072.86,28643.21,3305.21,52861.18,34577.37,4343.54,14663.64,7100.88,15511.38,6507.48
2021-07-07,6044,1530.15,3141.6,1576.6,6943,3554,27960.62,28366.95,3285.34,53054.76,34681.79,4358.13,14665.06,7151.02,15692.71,6527.72
2021-07-08,6040,1508.71,3107.59,1543.67,6924.99,3526,27153.13,28118.03,3252.68,52568.94,34421.93,4320.82,14559.79,7030.66,15420.64,6396.73
2021-07-09,6040,1520.58,3131.4,1552.09,6834.92,3524,27344.54,27940.42,3217.95,52386.19,34870.16,4369.55,14701.92,7121.88,15687.93,6529.42
2021-07-12,6079,1512.89,3147.14,1549.84,6913.87,3548,27515.24,28569.02,3246.47,52372.69,34996.18,4384.63,14733.24,7125.42,15790.51,6559.25
2021-07-13,6012,1519.56,3166.81,1570.99,6795.13,3567,27963.41,28718.24,3271.38,52769.73,34888.79,4369.21,14677.65,7124.72,15789.64,6558.47
2021-07-14,5979,1512.32,3153.15,1569.7,6835.41,3529,27787.46,28608.49,3264.81,52904.05,34933.23,4374.3,14644.95,7091.19,15788.98,6558.38
2021-07-15,6047,1520.82,3139.98,1572.01,6727.93,3564.59,27996.27,28279.09,3286.22,53158.85,34987.02,4360.03,14543.13,7012.02,15629.66,6493.36
2021-07-16,6072.51,1522.48,3152.3,1574.37,6693.83,3539,28004.68,28003.08,3276.91,53140.06,34687.85,4327.16,14427.24,7008.09,15540.31,6460.08
2021-07-19,6017,1519.97,3111.2,1556.01,6587.2,3539,27489.78,27652.74,3244.04,52553.4,33962.04,4258.49,14274.98,6844.39,15133.2,6295.97
2021-07-20,6017,1519.97,3111.2,1538.86,6587.2,3537,27259.25,27388.16,3232.7,52198.51,34511.99,4323.06,14498.88,6881.13,15216.27,6346.85
2021-07-21,6030,1516.52,3119,1540.88,6476.21,3563,27224.58,27548,3215.91,52198.51,34798,4358.69,14631.95,6998.28,15422.5,6464.48
2021-07-22,6138,1527.62,3159.26,1552.36,6576.62,3575,27723.84,27548,3250.21,52837.21,34823.35,4367.48,14684.6,6968.3,15514.54,6481.59
2021-07-23,6101.69,1523.44,3157.05,1545.1,6520.74,3550,27321.98,27548,3254.42,52975.8,35061.55,4411.79,14836.99,7027.58,15669.29,6568.82
2021-07-26,6106,1512.53,3138.97,1545.1,6372.61,3467,26192.32,27833.29,3224.95,52852.27,35144.31,4422.3,14840.71,7025.43,15618.98,6578.6
2021-07-27,6097,1514.6,3138.81,1537.63,6522.58,3381,25086.43,27970.22,3232.53,52578.76,35058.52,4401.46,14660.58,6996.08,15519.13,6531.92
2021-07-28,6089,1515.39,3141.75,1537.63,6473.03,3361.59,25473.88,27581.66,3236.86,52443.71,34930.93,4400.64,14762.58,7016.63,15570.36,6609.31
2021-07-29,6121,1512.93,3180.61,1537.78,6496.53,3412,26315.32,27782.42,3242.65,52653.07,35084.53,4419.15,14778.26,7078.42,15640.47,6633.77
2021-07-30,6070,1494.6,3166.94,1521.92,6270.23,3397,25961.03,27283.59,3202.32,52586.84,34935.47,4395.26,14672.68,7032.3,15544.39,6612.76
2021-08-02,6097,1493,3161.22,1525.11,6446.31,3464,26235.8,27781.02,3223.04,52950.63,34838.16,4387.16,14681.07,7081.72,15568.73,6675.9
2021-08-03,6131,1500.26,3149.25,1540.51,6560.06,3448,26194.82,27641.83,3237.14,53823.36,35116.4,4423.15,14761.29,7105.72,15555.08,6723.81
2021-08-04,6159,1491.33,3182.9,1545.86,6585.21,3477,26426.55,27584.08,3280.38,54369.77,34792.67,4402.66,14780.53,7123.86,15692.13,6746.23
2021-08-05,6205,1495.78,3175.1,1527.66,6547.27,3467,26204.69,27728.12,3276.13,54492.84,35064.25,4429.1,14895.12,7120.43,15744.67,6781.19
2021-08-06,6203,1489.8,3177.18,1521.72,6539.91,3458,26179.4,27820.04,3270.36,54277.72,35208.51,4436.52,14835.76,7122.95,15761.45,6816.96
2021-08-09,6127,1496.73,3177.18,1540.19,6632.57,3495,26283.4,27820.04,3260.42,54402.85,35101.85,4432.35,14860.18,7132.3,15745.41,6813.18
2021-08-10,6088,1496.73,3207.36,1542.62,6623.23,3530,26605.62,27888.15,3243.19,54554.66,35264.67,4436.75,14788.09,7161.04,15770.71,6820.21
2021-08-11,6088,1504.44,3180,1532.71,6666.86,3533,26660.16,28070.51,3220.62,54525.93,35484.97,4447.7,14765.13,7220.14,15826.09,6857.99
2021-08-12,6140,1501.97,3182.8,1532.71,6556.57,3525,26517.82,28015.02,3208.38,54843.98,35499.85,4460.83,14816.26,7193.23,15937.51,6882.47
2021-08-13,6139,1505.11,3165.49,1528.32,6320.19,3516,26391.62,27977.15,3171.29,55437.29,35515.38,4468,14822.9,7218.71,15977.44,6896.04
2021-08-16,6088,1502.9,3145.52,1531.24,6513.68,3517,26181.46,27523.19,3171.29,55582.58,35625.4,4479.71,14793.76,7153.98,15925.73,6838.77
2021-08-17,6088,1523.59,3118.51,1544.22,6561.41,3447,25745.87,27424.47,3143.09,55792.27,35343.28,4448.08,14656.18,7181.11,15921.95,6819.84
2021-08-18,6118.15,1525.24,3131.44,1551.87,6680.18,3485,25867.01,27585.91,3158.93,55629.49,34960.69,4400.27,14525.91,7169.32,15965.97,6770.11
2021-08-19,5992,1514.95,3086.97,1544.28,6718.51,3466,25316.33,27281.17,3097.83,55629.49,34894.12,4405.8,14541.79,7058.86,15765.81,6605.89
2021-08-20,6031,1518.03,3102.75,1553.18,6633.22,3427,24849.72,27013.25,3060.51,55329.32,35120.08,4441.67,14714.66,7087.9,15808.04,6626.11
2021-08-23,6110,1522.43,3087.56,1582.07,6591.67,3477,25109.59,27494.24,3090.21,55555.79,35335.71,4479.53,14942.65,7109.02,15852.79,6683.1
2021-08-24,6089,1553.37,3107.62,1586.98,6678.82,3514,25727.92,27732.1,3138.3,55958.98,35366.26,4486.23,15019.8,7125.78,15905.85,6664.31
2021-08-25,6113.24,1569.8,3107.49,1600.49,6822.15,3540,25693.95,27724.8,3146.81,55944.21,35405.5,4496.19,15041.86,7150.12,15860.66,6676.48
2021-08-26,6058.08,1585.74,3109.42,1601.91,6820.53,3502,25415.69,27742.29,3128.53,55949.1,35213.12,4470,14945.81,7124.98,15793.62,6666.03
2021-08-27,6041,1590.16,3080.77,1611.2,6786.62,3522,25407.89,27641.14,3133.9,56124.72,35455.8,4509.37,15129.5,7148.01,15851.75,6681.92
2021-08-30,6145,1601.38,3102.11,1633.77,6786.62,3528,25539.54,27789.29,3144.19,56889.76,35399.84,4528.79,15265.89,7148.01,15887.31,6687.3
2021-08-31,6150,1601.38,3055.05,1638.75,6855.44,3543.94,25878.99,28089.54,3199.27,57552.39,35360.73,4522.68,15259.24,7119.7,15835.09,6680.18
2021-09-01,6091,1586.89,3087.84,1634.48,6785.94,3567,26028.29,28451.02,3207.02,57338.21,35312.53,4524.09,15309.38,7149.84,15824.29,6758.69
2021-09-02,6078,1582.19,3088.84,1647.75,6834.66,3597,26090.43,28543.51,3175.85,57852.54,35443.82,4536.95,15331.18,7163.9,15840.59,6763.08
2021-09-03,6127,1589.19,3083.85,1650.33,6897.13,3582,25901.99,29128.11,3201.06,58129.95,35369.09,4535.43,15363.52,7138.35,15781.2,6689.99
2021-09-06,6127,1581.59,3101.08,1648.37,6877.1,3622,26163.63,29659.89,3203.33,58296.91,35369.09,4535.43,15363.52,7187.18,15932.12,6743.5
2021-09-07,6112.4,1583.48,3108.53,1636.45,6912.71,3677,26353.63,29916.14,3187.42,58279.48,35100,4520.03,15374.33,7149.37,15843.09,6726.07
2021-09-08,6026.02,1597.63,3068.94,1640.45,6949.39,3675,26320.93,30181.21,3162.99,58250.26,35031.07,4514.07,15286.64,7095.53,15610.28,6668.89
2021-09-09,6068,1578.89,3071.7,1629.12,6924.02,3693.13,25716,30008.19,3114.7,58305.07,34879.38,4493.28,15248.25,7024.21,15623.15,6684.72
2021-09-10,6095,1575.97,3098.8,1635.35,6970.51,3703.11,26205.91,30381.84,3125.76,58305.07,34607.72,4458.58,15115.49,7029.2,15609.81,6663.77
2021-09-13,6088,1570.13,3074.31,1633.76,6968.14,3715,25813.81,30447.37,3127.86,58177.76,34869.63,4468.73,15105.58,7068.43,15701.42,6676.93
2021-09-14,6129,1555.51,3080.37,1623.84,6920.36,3663,25502.23,30670.1,3148.83,58247.09,34577.57,4443.05,15037.76,7034.06,15722.99,6652.97
2021-09-15,6110,1555.26,3058.61,1628.04,6880.2,3656,25033.21,30511.71,3153.4,58723.2,34814.39,4480.7,15161.53,7016.49,15616,6583.62
2021-09-16,6110,1555.26,3064.54,1631.7,6968.43,3607,24667.85,30323.34,3130.09,59141.16,34751.32,4473.75,15181.92,7027.48,15651.75,6622.59
2021-09-17,6133,1548.51,3071.23,1625.65,6912.85,3614,24920.76,30500.05,3140.51,59015.89,34584.88,4432.99,15043.97,6963.64,15490.17,6570.19
2021-09-20,6076,1527.89,3041.73,1603.06,6857.9,3614,24099.14,30500.05,3140.51,58490.93,33970.47,4357.73,14713.9,6903.91,15132.06,6455.81
2021-09-21,6061,1530.44,3063.2,1614.86,6881.2,3614,24221.54,29839.71,3140.51,59005.27,33919.84,4354.19,14746.4,6980.98,15348.53,6552.73
2021-09-22,6108,1529.02,3048.05,1619.59,6890.73,3628.49,24221.54,29639.4,3140.51,58927.33,34258.32,4395.64,14896.85,7083.37,15506.74,6637
2021-09-23,6143,1539.34,3076.44,1631.15,6915.28,3642.22,24510.98,29639.4,3127.58,59885.36,34764.82,4448.98,15052.24,7078.35,15643.97,6701.98
2021-09-24,6145,1532.06,3061.35,1631.15,6951.53,3613,24192.16,30248.81,3125.24,60048.47,34798,4455.48,15047.7,7051.48,15531.75,6638.46
2021-09-27,6122,1533.05,3100.3,1620.02,6956.26,3583,24208.78,30240.06,3133.64,60077.88,34869.37,4443.11,14969.97,7063.4,15573.88,6650.91
2021-09-28,6113,1546.82,3077.69,1616.5,6885.36,3602,24500.39,30183.96,3097.92,59667.6,34299.99,4352.63,14546.68,7028.1,15248.56,6506.5
2021-09-29,6163,1547.65,3074.31,1616.98,6934.11,3536,24663.5,29544.29,3060.27,59413.27,34390.72,4359.46,14512.44,7108.16,15365.27,6560.8
2021-09-30,6287,1537.8,3086.7,1605.68,6952.88,3568,24575.64,29452.66,3068.82,59126.36,33843.92,4307.54,14448.58,7086.42,15260.69,6520.01
2021-10-01,6229,1524.48,3051.11,1605.17,6923.6,3568,24575.64,28771.07,3019.18,58765.58,34326.46,4357.04,14566.7,7027.07,15156.44,6517.69
2021-10-04,6343,1522.47,3089.65,1614.48,6960.89,3568,24036.37,28444.89,3019.18,59299.32,34002.92,4300.46,14255.48,7011.01,15036.55,6477.66
2021-10-05,6288,1530.42,3068.12,1624.24,6981.24,3568,24104.15,27822.12,2962.17,59744.88,34314.67,4345.72,14433.83,7077.1,15194.49,6576.28
2021-10-06,6429,1544.7,3077.25,1631.8,7057.45,3568,23971.33,27528.87,2908.31,59832.7,34314.67,4345.72,14433.83,7077.1,15194.49,6576.28
2019-06-19,6339,1666.54,3288.17,1705.98,8017.01,2918,28202.14,21333.87,2124.78,39112.74,26504,2926.46,7987.32,7403.54,12308.53,5518.45
2019-08-30,6328.47,1612.14,3106.52,1654.92,7979.66,2886,25724.73,20704.37,1967.79,37332.79,26403.28,2926.46,7962.88,7207.18,11939.28,5480.48
2019-09-02,6291,1612.14,3082.96,1654.11,7918.53,2924,25626.55,20620.19,1969.19,37332.79,26403.28,2926.46,7962.88,7281.94,11953.78,5493.04
